distancia_final,Place of interest,Place address,Type of place,BiciMAD station,Station location
4256.791685109048,Asambleas de Evangelización Mundial para Cristo (AEMC),CALLE ANTONIA RODRIGUEZ SACRISTAN 8,Templos no católicos,212 - Marqués de Vadillo,Glorieta Marqués de Vadillo nº 9
721.7844549051359,Asociación Darse - Dar Ayuda para la Reinserción Social España,CAMINO ALTO DE SAN ISIDRO 16 PLANTA 2º C C,Templos no católicos,212 - Marqués de Vadillo,Glorieta Marqués de Vadillo nº 9
393.10478650909414,Asociación Tiempo Para Cuidar,CALLE GENERAL LACY 24 PLANTA BAJA A,Templos no católicos,172 - Delicias,Calle Bustamante nº 1
3444.2604383608136,Asociación Visión Internacional,CALLE DISCOBOLO 53,Templos no católicos,215 - Gutierre de Cetina,Calle Gutierre de Cetina nº 77
82.22218408966398,Basílica Jesús de Medinaceli,PLAZA JESUS 2,Templos católicos,27 - Huertas,Calle Jesús nº 1
188.21133811362824,Basílica La Milagrosa,CALLE GARCIA DE PAREDES 45,Templos católicos,125 - General Martínez Campos ,Calle Fernández de la Hoz nº 29
73.28893949565581,Basílica Pontificia de San Miguel,CALLE SAN JUSTO 4,Templos católicos,35 - Plaza del Cordón,Plaza del Cordón
117.36146615593933,Capilla Nuestra Señora de la Bien Aparecida,CALLE PIO BAROJA 2,Templos católicos,71 - Doce de Octubre,Calle Doce de Octubre nº 28
69.21780608737768,Capilla de San Ignacio de los Vascos,CALLE PRINCIPE 31,Templos católicos,52 - Plaza de Santa Ana,Plaza de Santa Ana nº 10
160.92234769522213,Capilla de San Isidro,CALLE AGUILA 1,Templos católicos,38 - Plaza de los Carros,Carrera de San Francisco nº 1
127.87050807694803,Capilla de la Virgen de Nuria,CALLE JUAN DE URBIETA 5,Templos católicos,178 - Junta Municipal Retiro,Calle León Gil de Palacio nº 3
164.38193402177896,Catedral Anglicana de Madrid,CALLE BENEFICENCIA 18,Templos no católicos,7 - Hortaleza,Calle Hortaleza nº 75
385.0430594142544,Catedral Ortodoxa Griega. Santa Iglesia Catedral de los Santos Andrés y Demetrio,CALLE NICARAGUA 12,Templos no católicos,160 - Colombia,Calle Colombia nº 7
191.11391506912418,Catedral Santa María la Real de la Almudena,CALLE BAILEN 10,Templos católicos,166 - Segovia 26,Calle Segovia nº 26
740.0856990387969,Centro Apostólico Cristo Viene,CALLE ANTONIO LOPEZ 236 PLANTA 1,Templos no católicos,213 - Glorieta de Cádiz,Calle Antonio López nº 129
5277.62395094984,Centro Cristiano Ciudad de Refugio,CALLE GODELLA 103 PLANTA 1 Derecha,Templos no católicos,235 - Embajadores 191,Calle Sodio nº 1B
218.53892495458717,Centro Cultural Islámico. Mezquita de Madrid,CALLE SALVADOR DE MADARIAGA 7,Templos no católicos,231 - Derechos Humanos,Calle Derechos Humanos nº 12
2545.4912909568734,Centro Evangélico de Restauración Aliento de Vida,CALLE PUERTO DE LAS PILAS 12,Templos no católicos,221 - Pavones,Calle Hacienda de Pavones nº 342
131.06931512061038,Centro de Evangelización Anuncio de Paz,CALLE PUERTO DEL MONASTERIO 10 PLANTA BAJO,Templos no católicos,227 - Concordia,Calle Arroyo del Olivar nº 6
3814.522573808107,Christ International Ministries,CALLE LA ALBERCA 1,Templos no católicos,261 - Facultad Derecho,Avenida Complutense nº 23
4436.413867009227,Comunidad Cristiana Decisión,CALLE MEQUINENZA 20 PLANTA local,Templos no católicos,215 - Gutierre de Cetina,Calle Gutierre de Cetina nº 77
3699.3130208587627,Comunidad Cristiana Eben-Ezer de la Villa de Vallecas,CALLE SIERRA DE TORTEJADA 2,Templos no católicos,221 - Pavones,Calle Hacienda de Pavones nº 342
35.28716800590483,Comunidad Cristiana Maranatha,CALLE GRANADA 8,Templos no católicos,79 - Puerta de Granada,Avenida de Menéndez Pelayo nº 38
5116.299712417217,Comunidad Cristiana Misionera Newma España,CALLE ANGOSTA 2 PLANTA 3ª D,Templos no católicos,213 - Glorieta de Cádiz,Calle Antonio López nº 129
2439.406450264736,Comunidad Eben-Ezer Dios Es Amor,CALLE VILLALOBOS 11 Esquina a Leoneses,Templos no católicos,226 - Sierra Toledana,Camino de Valderribas nº 94
52.30488698804163,Comunidad Evangélica de habla alemana,PASEO CASTELLANA 6,Templos no católicos,104 - Castellana,Paseo de la Castellana nº 4
1100.283334401852,Comunidad Sendero de la Cruz (Iglesia de Celebración Cristiana),CALLE MIGUEL FLETA 11,Templos no católicos,215 - Gutierre de Cetina,Calle Gutierre de Cetina nº 77
1914.8941786056982,Comunidad cristiana Eben-ezer de Pueblo Nuevo,CALLE JULIAN CAMARILLO 39,Templos no católicos,215 - Gutierre de Cetina,Calle Gutierre de Cetina nº 77
196.26890704525064,Comunidad cristiana El Faro,CALLE SIERRA DE ALCUBIERRE 2 y 4,Templos no católicos,227 - Concordia,Calle Arroyo del Olivar nº 6
58.97578849236028,Concepción Real de Calatrava,CALLE ALCALA 25,Templos católicos,28 - Sevilla,Calle Alcalá nº 27
221.1896868889798,Convento de Santa Teresa y San José (Carmelitas Descalzos),PLAZA ESPA&amp;Ntilde;A 14,Templos católicos,116a - Plaza de España A,Calle Princesa nº 5
166.6254178295819,Convento de las Comendadoras de Santiago,PLAZA COMENDADORAS 10,Templos católicos,13 - Conde Duque,Calle Conde Duque nº 22
455.7822751169923,Ermita Virgen del Puerto,PASEO VIRGEN DEL PUERTO 4,Templos católicos,167 - Segovia 45,Calle Segovia nº 45
704.8726488532382,Ermita de San Isidro,PASEO ERMITA DEL SANTO 72,Templos católicos,223 - Ermita Santo,Paseo de la Ermita del Santo nº 48
500.2254865990685,Iglesia  Evangélica Bautista Pueblo Nuevo,CALLE GUTIERRE DE CETINA 13,Templos no católicos,232 - José María Pereda,Calle José María de Pereda nº 1
4494.37323197111,Iglesia Abundante Vida,CALLE SECOYA 18 2,Templos no católicos,212 - Marqués de Vadillo,Glorieta Marqués de Vadillo nº 9
127.54299512135432,Iglesia Anglicana de San Jorge,CALLE NUÑEZ DE BALBOA 43,Templos no católicos,87 - Ayala,Calle Ayala nº 44
1719.5390566160545,Iglesia Asamblea Cristiana de Madrid,CALLE ALORA 7 PLANTA Bajo posterior y 9,Templos no católicos,221 - Pavones,Calle Hacienda de Pavones nº 342
1715.6394533643324,Iglesia Bautista Calvario,CALLE PALERMO 28,Templos no católicos,230 - Carlota O’Neill,Calle Carlota O'Neill nº 32
328.5869219854427,Iglesia Bautista El Buen Pastor,PLAZA GETAFE 1,Templos no católicos,196 - Prosperidad,Calle Suero de Quiñones nº 2
445.96070091667355,Iglesia Bautista Emanuel de Madrid,CALLE HERNANDEZ DE TEJADA 4,Templos no católicos,230 - Carlota O’Neill,Calle Carlota O'Neill nº 32
3513.6683127458327,Iglesia Bautista de Jesús España,CALLE LONGARES 3 PLANTA BAJA,Templos no católicos,215 - Gutierre de Cetina,Calle Gutierre de Cetina nº 77
382.0114682417678,Iglesia Bautista de Vallecas,CALLE SAN VIRGILIO 2 y 4,Templos no católicos,227 - Concordia,Calle Arroyo del Olivar nº 6
8287.341850748611,Iglesia Bíblica de Barajas,CALLE CANAL DE SUEZ 15,Templos no católicos,215 - Gutierre de Cetina,Calle Gutierre de Cetina nº 77
2389.8429873312366,Iglesia CENFOL España,CALLE ALEJANDRO VILLEGAS 34 Local,Templos no católicos,230 - Carlota O’Neill,Calle Carlota O'Neill nº 32
188.7445875338074,Iglesia Catedral de las Fuerzas Armadas,CALLE SACRAMENTO 11,Templos católicos,166 - Segovia 26,Calle Segovia nº 26
4359.496390496262,Iglesia Centro Cristiano Adonay,CALLE MARIA MARTINEZ OVIOL 17 B,Templos no católicos,235 - Embajadores 191,Calle Sodio nº 1B
5859.827380133453,Iglesia Centro Cristinano Adonay, CIUDAD DE FRIAS 18 Nave C,Templos no católicos,213 - Glorieta de Cádiz,Calle Antonio López nº 129
376.3680307940539,Iglesia Comunidad Cristiana de Fe,CALLE MANUEL FERRERO 5 Local estudio Danza Pasión Madrid,Templos no católicos,252 - Chamartín,Calle Rodríguez Jaén nº 40
10076.447155460466,Iglesia Convento del Santísimo Cristo del Pardo,PISTA CRISTO DE EL PARDO 11,Templos católicos,261 - Facultad Derecho,Avenida Complutense nº 23
256.9351352516891,Iglesia Cristiana Adventista del Séptimo Día. Madrid Alenza,CALLE ALENZA 6 PLANTA Baja,Templos no católicos,130 - Santa Engracia 127,Calle Santa Engracia nº 127
3376.836891467886,Iglesia Cristiana Adventista del Séptimo Día. Madrid Aluche,CALLE LOS YEBENES 255,Templos no católicos,224 - Caramuel,Calle Caramuel nº 51
3500.0011770914602,Iglesia Cristiana Adventista del Séptimo Día. Madrid Eben-Ezer,CALLE RUSIA 11,Templos no católicos,215 - Gutierre de Cetina,Calle Gutierre de Cetina nº 77
1089.6918925480281,Iglesia Cristiana Adventista del Séptimo Día. Madrid Efes,CALLE ALEJANDRO SANCHEZ 49,Templos no católicos,212 - Marqués de Vadillo,Glorieta Marqués de Vadillo nº 9
1921.233771668256,Iglesia Cristiana Adventista del Séptimo Día. Madrid Habla Portuguesa,CALLE DOCTOR ZOFIO 4,Templos no católicos,224 - Caramuel,Calle Caramuel nº 51
3717.499160460883,Iglesia Cristiana Adventista del Séptimo Día. Madrid Resurrección,CALLE AUSTRIA 2,Templos no católicos,215 - Gutierre de Cetina,Calle Gutierre de Cetina nº 77
1025.5678900402172,Iglesia Cristiana Adventista del Séptimo Día. Madrid Vallecas,CALLE DOCTOR BELLIDO 13,Templos no católicos,227 - Concordia,Calle Arroyo del Olivar nº 6
314.5567446297813,Iglesia Cristiana Adventista del Séptimo Día. Madrid Ventas,CALLE HERMANOS GOMEZ 32 local,Templos no católicos,232 - José María Pereda,Calle José María de Pereda nº 1
3866.07586406296,Iglesia Cristiana Evangélica en Hortaleza (Eben Ezer),CALLE SANTA VIRGILIA 5 POSTERIOR,Templos no católicos,230 - Carlota O’Neill,Calle Carlota O'Neill nº 32
2322.041658798784,Iglesia Cristiana Hosanna,CALLE ALFARO 34 - 36,Templos no católicos,224 - Caramuel,Calle Caramuel nº 51
1485.4178986941656,Iglesia Cristiana Integral Casa sobre la Roca,CALLE ULISES 1,Templos no católicos,214 - Condesa de Venadito,Calle Condesa de Venadito nº 2
5935.189414738054,Iglesia Cristiana Redimida de Dios,CALLE RESINA 29,Templos no católicos,213 - Glorieta de Cádiz,Calle Antonio López nº 129
289.5135451631205,Iglesia Cristiana Reformada,CALLE CESAR GONZÁLEZ RUANO 25,Templos no católicos,231 - Derechos Humanos,Calle Derechos Humanos nº 12
1878.3511502808597,Iglesia Cristiana Shalom Adonai,PLAZA MONDARIZ 10 Local 5,Templos no católicos,217 - Pedro Rico,Calle Pedro Rico nº 4
3658.1252221549144,Iglesia Cristiana Verbo,CALLE CIRCE 32,Templos no católicos,215 - Gutierre de Cetina,Calle Gutierre de Cetina nº 77
171.76154310070234,Iglesia Cristo Rey de Argüelles,CALLE MARTIN DE LOS HEROS 91,Templos católicos,117 - Altamirano,Calle Altamirano nº 24
146.5503913804795,"Iglesia Cuerpo de Cristo, Don Pedro",CALLE DON PEDRO 10,Templos no católicos,38 - Plaza de los Carros,Carrera de San Francisco nº 1
126.483733666502,"Iglesia Cuerpo de Cristo, General",CALLE GENERAL SERRANO ORIVE 3,Templos no católicos,228 - San Delfín,Calle San Delfín nº 9
1095.189492528459,Iglesia Cuerpo de Cristo. Calle Avelino Fernández de la Poza,CALLE AVELINO FERNANDEZ DE LA POZA 4,Templos no católicos,180 - Méndez Álvaro,Calle Retama nº 5
473.1570721333418,Iglesia Dios es Amor - Unión Cristiana,CALLE PRUDENCIO ALVARO 46,Templos no católicos,229 - C.D. Concepción,Calle Jose del Hierro nº 5
166.42977302657792,Iglesia Ejército de Salvación Madrid Central,CALLE HERMOSILLA 126 Local 4,Templos no católicos,183 - Doctor Esquerdo-Hermosilla,Calle Hermosilla nº 135
1466.798256847688,Iglesia Ejército de Salvación Palomeras,AVENIDA RAFAEL ALBERTI 18 bis,Templos no católicos,221 - Pavones,Calle Hacienda de Pavones nº 342
29.476285603327792,Iglesia El Buen Pastor de Vallecas,CAMINO VALDERRIBAS 96 Nave,Templos no católicos,226 - Sierra Toledana,Camino de Valderribas nº 94
2651.828620578991,Iglesia Elan,CALLE EZCARAY 20 PLANTA 2 C,Templos no católicos,221 - Pavones,Calle Hacienda de Pavones nº 342
255.11647962608023,Iglesia Esclavas del Sagrado Corazón de Jesús,PASEO GENERAL MARTINEZ CAMPOS 10,Templos católicos,246 - Santa Engracia 87,Calle Santa Engracia nº 87
219.25322425355793,Iglesia Evangelio Cuadrangular Vida Nueva Usera,CALLE MONEDEROS 22,Templos no católicos,213 - Glorieta de Cádiz,Calle Antonio López nº 129
2570.753850440281,Iglesia Evangélica Agua de Vida Vaguada,CALLE PUERTO DE MASPALOMAS 22 Posterior,Templos no católicos,207 - Remonta,Calle Azucenas nº 1
271.41811339221937,Iglesia Evangélica Asociación Centros Tahor,CALLE TERUEL 25,Templos no católicos,152 - General Perón 1,Avenida del General Perón frente al nº 4
2604.6713071398735,Iglesia Evangélica Asociación Club Metas,AVENIDA GRAN VIA DE HORTALEZA 30,Templos no católicos,230 - Carlota O’Neill,Calle Carlota O'Neill nº 32
3406.7661894127473,Iglesia Evangélica Asociación Evangelización Mundial para Cristo,AVENIDA CANILLEJAS A VICALVARO 131,Templos no católicos,215 - Gutierre de Cetina,Calle Gutierre de Cetina nº 77
2277.7442457795587,Iglesia Evangélica Avivamiento Emmanuel España,CALLE ALVAREZ ABELLAN 17,Templos no católicos,212 - Marqués de Vadillo,Glorieta Marqués de Vadillo nº 9
1664.2033470306221,Iglesia Evangélica Bautista Barrio del Pilar,CALLE GINZO DE LIMIA 44,Templos no católicos,217 - Pedro Rico,Calle Pedro Rico nº 4
995.5125450131163,Iglesia Evangélica Buenas Nuevas la Gran Comisión,CALLE RADIO 12 PLANTA BAJO A,Templos no católicos,212 - Marqués de Vadillo,Glorieta Marqués de Vadillo nº 9
1631.166427851763,Iglesia Evangélica Casa de Oración,CALLE FELIPE DE DIEGO 3 Posterior,Templos no católicos,227 - Concordia,Calle Arroyo del Olivar nº 6
223.81485888912113,Iglesia Evangélica Casa de Oración de Madrid,CALLE LONDRES 13,Templos no católicos,192 - Avenida de los Toreros,Avenida de los Toreros nº 3
2064.0210921009516,Iglesia Evangélica Casa de la Misericordia,CALLE SANTIAGO ESTEVEZ 29 PLANTA BAJO IZQUIERDA,Templos no católicos,223 - Ermita Santo,Paseo de la Ermita del Santo nº 48
309.5056729087771,Iglesia Evangélica China Española,CALLE CAROLINAS 10,Templos no católicos,205 - Estrecho,Calle Navarra nº 1
8562.019537247686,Iglesia Evangélica Emaús,CALLE AGUAVIVA 6 Local,Templos no católicos,215 - Gutierre de Cetina,Calle Gutierre de Cetina nº 77
438.1850881010218,Iglesia Evangélica Encuentro con Dios,CALLE JOSE DEL PRADO Y PALACIO 1 Local 4,Templos no católicos,218 - Camino Vinateros,Calle Camino de los Vinateros nº 28
3801.5000470468904,Iglesia Evangélica Evangelizando las Naciones,PASEO GIGANTES Y CABEZUDOS 48 PLANTA BAJO 12,Templos no católicos,235 - Embajadores 191,Calle Sodio nº 1B
1433.119519696159,"Iglesia Evangélica Fe, Esperanza y Amor",CALLE PATRIARCA SAN JOSE 9 PLANTA SUBSÓTANO,Templos no católicos,215 - Gutierre de Cetina,Calle Gutierre de Cetina nº 77
1678.9024845722663,Iglesia Evangélica Filadelfia (El Rayo),CALLE RIO ARAUCA 8,Templos no católicos,226 - Sierra Toledana,Camino de Valderribas nº 94
2545.375729991112,Iglesia Evangélica Filadelfia Orcasur,CALLE ALBU&amp;Ntilde;UELAS 4,Templos no católicos,213 - Glorieta de Cádiz,Calle Antonio López nº 129
218.55421243301652,Iglesia Evangélica Filadelfia del Centro,CALLE RODRIGO DE GUEVARA 2,Templos no católicos,39 - Plaza de la Cebada,Plaza de la Cebada nº 16 
280.65413444617974,"Iglesia Evangélica Fuente de la Vida, Asambleas de Dios",CALLE SIERRA CARBONERA 31,Templos no católicos,227 - Concordia,Calle Arroyo del Olivar nº 6
2479.9042502528464,Iglesia Evangélica Jesús es el Señor Torre Fuerte,CALLE BLANDON 6,Templos no católicos,224 - Caramuel,Calle Caramuel nº 51
5343.478530175311,Iglesia Evangélica Las Águilas,CALLE FUERTE DE NAVIDAD 19,Templos no católicos,224 - Caramuel,Calle Caramuel nº 51
1701.085589244495,Iglesia Evangélica Manantial de Vida Center,AVENIDA CERRO DE LOS ANGELES 10 PLANTA 1 B,Templos no católicos,228 - San Delfín,Calle San Delfín nº 9
4417.8098255172035,Iglesia Evangélica Ministerio Pasión por Cristo,CALLE REUS 8,Templos no católicos,212 - Marqués de Vadillo,Glorieta Marqués de Vadillo nº 9
1036.4009381765231,Iglesia Evangélica Nueva Vida,"CALLE ARGOS 13 o calle Caunedo, 16",Templos no católicos,215 - Gutierre de Cetina,Calle Gutierre de Cetina nº 77
232.74130416645147,Iglesia Evangélica Pentecostal Amistad Cristiana,CALLE VALLEHERMOSO 70,Templos no católicos,245 - Galileo,Calle Galileo nº 63
556.8396379137815,Iglesia Evangélica Pentecostal Bethel,CALLE FERNANDO DIAZ DE MENDOZA 3,Templos no católicos,228 - San Delfín,Calle San Delfín nº 9
1011.1671895115375,Iglesia Evangélica Pentecostal Misión 1909,CALLE VIRGEN DE BELEN 42 PLANTA BAJO,Templos no católicos,212 - Marqués de Vadillo,Glorieta Marqués de Vadillo nº 9
4721.824571437882,Iglesia Evangélica Pentecostal Salem,CALLE CIDRO 8,Templos no católicos,212 - Marqués de Vadillo,Glorieta Marqués de Vadillo nº 9
3224.1305377585973,Iglesia Evangélica Pueblo Nuevo,CALLE VILLACARLOS 14,Templos no católicos,221 - Pavones,Calle Hacienda de Pavones nº 342
2699.872575391463,Iglesia Evangélica Servidores de Vida,CALLE CASTROJERIZ 8,Templos no católicos,224 - Caramuel,Calle Caramuel nº 51
3593.164519029945,Iglesia Evangélica de Aluche,CALLE NUESTRA SEÑORA DE LA LUZ 118,Templos no católicos,224 - Caramuel,Calle Caramuel nº 51
257.81883708191924,Iglesia Evangélica de Hermanos El Shadday,CALLE MARIA PEDRAZA 11,Templos no católicos,237 - Pablo Iglesias,Calle Francisco Balseiro nº 1
2080.150264043597,Iglesia Evangélica del Nazareno,CALLE PELICANO 26,Templos no católicos,212 - Marqués de Vadillo,Glorieta Marqués de Vadillo nº 9
4602.217097379841,Iglesia Evangélica. Calle Tembleque,CALLE TEMBLEQUE 140,Templos no católicos,224 - Caramuel,Calle Caramuel nº 51
4446.9084398222,Iglesia Gloria de Dios,CALLE MAQUEDA 30 LOCAL 60,Templos no católicos,224 - Caramuel,Calle Caramuel nº 51
855.7177075418831,Iglesia Internacional Alianza de Amor,CALLE ANTONIO GONZALEZ PORRAS 25,Templos no católicos,212 - Marqués de Vadillo,Glorieta Marqués de Vadillo nº 9
2196.968174484814,Iglesia Jesús es el Maestro,CALLE ALEJANDRINA MORAN 24,Templos no católicos,224 - Caramuel,Calle Caramuel nº 51
231.19094742629616,Iglesia Madres Dominicas (Monasterio Santo Domingo el Real),CALLE CLAUDIO COELLO 112,Templos católicos,190 - Velázquez-Diego de León,Calle Velázquez nº 91
2549.387082698673,Iglesia Ministerio Belem,CALLE GAVIOTA 55 PLANTA 1,Templos no católicos,224 - Caramuel,Calle Caramuel nº 51
2173.9451458753415,Iglesia Ministerio Denuedo,CALLE MINEROS 12 PLANTA 1,Templos no católicos,212 - Marqués de Vadillo,Glorieta Marqués de Vadillo nº 9
3337.2647292884817,Iglesia Nuestra Señora de Lourdes y San Justino. Iglesia de la Renovación Carismática,CALLE SAN JUAN DE MATA 30,Templos católicos,224 - Caramuel,Calle Caramuel nº 51
93.69232295600784,Iglesia Nuestra Señora de Montserrat,CALLE SAN BERNARDO 79,Templos católicos,12 - San Hermenegildo,Calle San Bernardo nº 85
288.00651962949803,Iglesia Nuestra Señora de la Paz,CALLE DOCTOR ESQUERDO 44,Templos católicos,101 - Jorge Juan,Calle Jorge Juan nº 131
5913.441216649757,Iglesia Punto de Encuentro,CALLE RESINA 13 PLANTA 1 Nave 11,Templos no católicos,213 - Glorieta de Cádiz,Calle Antonio López nº 129
77.40326372556149,Iglesia San Antonio de los Alemanes,CALLE CORREDERA BAJA DE SAN PABLO 16,Templos católicos,17 - Carlos Cambronero,Plaza de Carlos Cambronero nº 2
282.5458711771215,Iglesia San José de la Montaña,CALLE FERNANDEZ DE LA HOZ 16,Templos católicos,122 - Santa Engracia 14,Calle Santa Engracia nº 14
116.24785683069057,Iglesia San Pedro el Viejo,CALLE NUNCIO 14,Templos católicos,35 - Plaza del Cordón,Plaza del Cordón
270.6898727173874,Iglesia de Cristo - Madrid,CALLE TERUEL 25,Templos no católicos,152 - General Perón 1,Avenida del General Perón frente al nº 4
2363.276366477362,Iglesia de Dios (Verbo de Dios),CALLE PUERTO DE POZAZAL 25 A,Templos no católicos,221 - Pavones,Calle Hacienda de Pavones nº 342
5251.587429900459,Iglesia de Dios Pentecostal Movimiento Internacional de Madrid,CALLEJON GOMEZ ACEBO 14,Templos no católicos,213 - Glorieta de Cádiz,Calle Antonio López nº 129
388.1366086879572,Iglesia de Jesucristo de los Santos de los Últimos Días. Templo de Madrid,CALLE TEMPLO 2,Templos no católicos,221 - Pavones,Calle Hacienda de Pavones nº 342
2195.122337979997,Iglesia de Los Elegidos de Dios,"CALLE FARO 8 Local 4, Posterior",Templos no católicos,212 - Marqués de Vadillo,Glorieta Marqués de Vadillo nº 9
725.3017826831704,Iglesia de María Reina,CALLE PICO DE LA MALICIOSA 9,Templos católicos,226 - Sierra Toledana,Camino de Valderribas nº 94
88.3665385150942,Iglesia de Nuestra Señora de las Maravillas,CALLE DOS DE MAYO 11,Templos católicos,11 - San Andrés,Calle San Andrés nº 18
1.8857809998311144,Iglesia de San Antón,CALLE HORTALEZA 63,Templos católicos,6 - Colegio Arquitectos,Calle Hortaleza nº 63
456.1328678653293,Iglesia de San Felipe Neri,CAMINO VALDERRIBAS 39,Templos católicos,226 - Sierra Toledana,Camino de Valderribas nº 94
243.01676671862154,Iglesia de Scientology de España,CALLE SANTA CATALINA 7 esquina calle Prado,Templos no católicos,29 - Marqués de Cubas,Calle del Marqués de Cubas nº 25
128.18824167792465,Iglesia de la Santísima Trinidad (Trinitarios),CALLE ECHEGARAY 30,Templos católicos,52 - Plaza de Santa Ana,Plaza de Santa Ana nº 10
97.1311080607304,Iglesia del Espíritu Santo,CALLE SERRANO 125,Templos católicos,250 - Serrano 113,Calle Serrano nº 113B
229.26510907976487,Iglesia del Santo Niño del Remedio,CALLE DONADOS 6,Templos católicos,25b - Plaza de Celenque B,Plaza de Celenque nº 1
2682.382231592303,Iglesia evangélica Asociación Darse,CALLE CASTROJERIZ 5,Templos no católicos,224 - Caramuel,Calle Caramuel nº 51
1891.617816134353,Iglesia evangélica Asociación Fietgratia Ong,CALLE RUFINO GONZALEZ 13 PLANTA 1ª,Templos no católicos,215 - Gutierre de Cetina,Calle Gutierre de Cetina nº 77
1366.9987460732527,Iglesia evangélica Asociación Fuente de Vida de la Sierra,CALLE TERCIO 8 PLANTA 1ª,Templos no católicos,212 - Marqués de Vadillo,Glorieta Marqués de Vadillo nº 9
1395.434877156957,Iglesia evangélica Asociación Proyecto Ayuda en la Calle PAC-ONG,CALLE VICENTE CAMARON 41 PLANTA 3ª,Templos no católicos,224 - Caramuel,Calle Caramuel nº 51
257.8033392398822,Iglesia evangélica Asociación de Educadores Evangélicos de Madrid,CALLE MARIA PEDRAZA 11,Templos no católicos,237 - Pablo Iglesias,Calle Francisco Balseiro nº 1
170.1515175539722,Iglesia evangélica Fundación Federico Fliedner,CALLE BRAVO MURILLO 85,Templos no católicos,132 - Glorieta de los Cuatro Caminos,Calle Santa Engracia nº 168
2343.3362742001827,Iglesia evangélica Ministerio Reconciliación y Restauración Yo Soy,CALLE TUCAN 1,Templos no católicos,224 - Caramuel,Calle Caramuel nº 51
1105.7473349866825,Iglesia evangélica. Calle Marquesa de Argüeso,CALLE MARQUESA DE ARG&amp;Uuml;ESO 22,Templos no católicos,212 - Marqués de Vadillo,Glorieta Marqués de Vadillo nº 9
4871.2442350006595,Madrid International Church,CALLE CIDRO 14 PLANTA BAJO Polígono Aguacate,Templos no católicos,212 - Marqués de Vadillo,Glorieta Marqués de Vadillo nº 9
399.46083285061616,Ministerio Bautista Internacional Madrid,CALLE ASCAO 62 LOCAL,Templos no católicos,215 - Gutierre de Cetina,Calle Gutierre de Cetina nº 77
395.0982472315934,Ministerio Pastoral Misionero por amor  su Cruz,CALLE ALGODONALES 40 PLANTA BAJO EXTERIOR,Templos no católicos,206 - Metro Tetuán,Calle Marqués de Viana nº 3
147.12923383752977,Misión Evangélica Urbana,CALLE CALVARIO 12,Templos no católicos,43 - Jesús y María,Calle Lavapiés nº 34
189.17072383046377,Monasterio de Nuestra Señora de las Maravillas (Carmelitas Calzadas de la antigua observancia),CALLE PRINCIPE DE VERGARA 23,Templos católicos,91 - Príncipe de Vergara,Calle Hermosilla nº 70
89.9619571165307,Monasterio de San Plácido (Benedictinas),CALLE SAN ROQUE 9,Templos católicos,17 - Carlos Cambronero,Plaza de Carlos Cambronero nº 2
284.083427732551,Monasterio de la Inmaculada y San Pascual (Clarisas),PASEO RECOLETOS 11,Templos católicos,86 - Cibeles,Plaza Cibeles
228.78116534932,Monasterio de la Santísima Trinidad y de San Ildefonso (Trinitarias),CALLE LOPE DE VEGA 18,Templos católicos,41 - Antón Martín,Calle Atocha nº 54
89.52800402671,Monasterio del Corpus Christi (Jerónimas 'Carboneras'),PLAZA CONDE DE MIRANDA 3,Templos católicos,35 - Plaza del Cordón,Plaza del Cordón
2006.456799118905,Nuestra Señora de la Merced - Parroquia personal de habla inglesa,CALLE BELLA ALTISIDORA 6,Templos católicos,217 - Pedro Rico,Calle Pedro Rico nº 4
1216.9172494216803,Nuevas Fronteras Madrid,CALLE VALLE DE CACHEMIRA 28,Templos no católicos,239 - Francos Rodríguez,Calle Francos Rodríguez nº 62
210.52501770830003,Oratorio San Felipe Neri,CALLE ANTONIO ARIAS 17,Templos católicos,63 - Ibiza,Calle Ibiza nº 62
331.7381312736928,Oratorio de la Hospitalidad de Nuestra Señora de Lourdes,CALLE FORTUNY 21,Templos católicos,198 - Rubén Darío,Glorieta Rubén Darío 2
2002.557376969417,Parroquia Ascensión del Señor,CALLE VIA CARPETANA 105,Templos católicos,224 - Caramuel,Calle Caramuel nº 51
856.7687955785041,Parroquia Asunción de Nuestra Señora. Calle Gabriel y Galán,CALLE GABRIEL Y GALAN 17,Templos católicos,251 - Corazón de María,Calle Santa Hortensia nº 31
6060.651353531536,Parroquia Asunción de Nuestra Señora. Calle Pérez de Victoria,CALLE PEREZ DE VICTORIA 9,Templos católicos,261 - Facultad Derecho,Avenida Complutense nº 23
3215.609247792036,Parroquia Bautismo del Señor,CALLE GAVILANES 11,Templos católicos,261 - Facultad Derecho,Avenida Complutense nº 23
139.11076624615626,Parroquia Beata María Ana de Jesús,CALLE GUILLERMO DE OSMA 10,Templos católicos,165 - Entrada Matadero,Paseo de la Chopera nº 14
2111.5997663249254,Parroquia Buen Pastor,AVENIDA PARQUE DE PALOMERAS BAJAS 22,Templos católicos,227 - Concordia,Calle Arroyo del Olivar nº 6
7826.942042948933,Parroquia Castrense Santa María de la Dehesa,AVENIDA ARQUEROS 19,Templos católicos,224 - Caramuel,Calle Caramuel nº 51
173.42251744239925,Parroquia Concepción de Nuestra Señora,CALLE GOYA 26,Templos católicos,90 - General Pardiñas,Calle Goya nº 18
2224.484621697222,Parroquia Cristo Resucitado,CALLE CEBREROS 56,Templos católicos,224 - Caramuel,Calle Caramuel nº 51
502.32045142726656,Parroquia Cristo Rey de Usera,CALLE AMOR HERMOSO 15,Templos católicos,213 - Glorieta de Cádiz,Calle Antonio López nº 129
1762.8255264846016,Parroquia Cristo Sacerdote,CALLE LOPEZ DE ARANDA 52,Templos católicos,230 - Carlota O’Neill,Calle Carlota O'Neill nº 32
3698.32822923545,Parroquia Cristo Salvador,CALLE CARACOLI 1,Templos católicos,230 - Carlota O’Neill,Calle Carlota O'Neill nº 32
1241.606352429216,Parroquia Cristo de la Paz,CALLE PORTALEGRE 8,Templos católicos,212 - Marqués de Vadillo,Glorieta Marqués de Vadillo nº 9
2172.250600821675,Parroquia Crucifixión del Señor,CALLE CUART DE POBLET 11,Templos católicos,224 - Caramuel,Calle Caramuel nº 51
2993.243126299468,Parroquia Divino Salvador,AVENIDA SANTUARIO DE VALVERDE 37,Templos católicos,217 - Pedro Rico,Calle Pedro Rico nº 4
225.22220131375235,Parroquia Dulce Nombre de María,CALLE SAN FLORENCIO 1,Templos católicos,225 - Doctor Lozano,Calle Sierra Toledana nº 33
35.568565778089315,Parroquia El Salvador y San Nicolás,CALLE ATOCHA 58,Templos católicos,41 - Antón Martín,Calle Atocha nº 54
1021.0485874784388,Parroquia Encarnación del Señor,CALLE HERMANOS GARCIA NOBLEJAS 49,Templos católicos,215 - Gutierre de Cetina,Calle Gutierre de Cetina nº 77
3474.2310155723544,Parroquia Epifanía del Señor,CALLE NUESTRA SEÑORA DE LA LUZ 64,Templos católicos,224 - Caramuel,Calle Caramuel nº 51
206.6382447593388,Parroquia Espíritu Santo,CALLE RICARDO ORTIZ 1,Templos católicos,188 - Puente de Ventas,Avenida de Daroca nº 2
210.11966456982893,Parroquia Espíritu Santo y Nuestra Señora de la Araucana,CALLE PUERTO RICO 29,Templos católicos,160 - Colombia,Calle Colombia nº 7
204.24128782245202,Parroquia Hispanoamericana de la Merced,CALLE EDGAR NEVILLE 23,Templos católicos,151 - Orense 12,Calle Orense nº 12
9383.016661212974,Parroquia Inmaculada Concepción (El Pardo),CALLE MANUEL ALONSO 2,Templos católicos,261 - Facultad Derecho,Avenida Complutense nº 23
153.42737682907133,Parroquia Inmaculado Corazón de María,CALLE FERRAZ 74,Templos católicos,113 - Pintor Rosales,Paseo del Pintor Rosales frente al nº 38
1735.931751168017,Parroquia Jesús Obrero,CALLE CASTILLO DE UCLES 26,Templos católicos,215 - Gutierre de Cetina,Calle Gutierre de Cetina nº 77
2698.271846385724,Parroquia Jesús de Nazaret,CALLE CUEVAS DEL ALMANZORA 18,Templos católicos,254 - Pío XII,Avenida Pío XII nº 3
4336.392712748051,Parroquia Jesús y María,CALLE MAQUEDA 129 y 131,Templos católicos,224 - Caramuel,Calle Caramuel nº 51
1743.1176304424057,Parroquia La Cena del Señor,CALLE ANTONIO MACHADO 24,Templos católicos,239 - Francos Rodríguez,Calle Francos Rodríguez nº 62
98.27715303551201,Parroquia Los Doce Apóstoles,CALLE VELAZQUEZ 88,Templos católicos,88 - Embajada de Italia,Calle Velázquez nº 75
1432.5829845123149,Parroquia Madre del Buen Pastor,CALLE SAN MARIO 81,Templos católicos,235 - Embajadores 191,Calle Sodio nº 1B
84.00933592815682,Parroquia María Auxiliadora,RONDA ATOCHA 25,Templos católicos,51 - Ronda de Atocha,Ronda de Atocha nº 2
187.9252064619832,Parroquia María Inmaculada y Santa Vicenta,AVENIDA BRASIL 25,Templos católicos,156 - Sor Ángela de la Cruz,Calle Sor Ángela de la Cruz nº 2
4110.112309394135,Parroquia María Madre del Amor Hermoso,CALLE VICENTE CARBALLAL 11,Templos católicos,235 - Embajadores 191,Calle Sodio nº 1B
1665.3424020923412,Parroquia María Mediadora,AVENIDA RAFAEL ALBERTI 25,Templos católicos,221 - Pavones,Calle Hacienda de Pavones nº 342
251.95149677155354,Parroquia María Reina y San Buenaventura,CALLE LOPEZ GRASS 44,Templos católicos,226 - Sierra Toledana,Camino de Valderribas nº 94
2750.563115411734,Parroquia María Virgen Madre,AVENIDA MACHUPICHU 50,Templos católicos,230 - Carlota O’Neill,Calle Carlota O'Neill nº 32
270.79129176212035,Parroquia Natividad de Nuestra Señora,CALLE MARROQUINA 41,Templos católicos,220 - Plaza del Encuentro,Calle Arroyo de las Pilillas nº 6
123.9020564792237,Parroquia Nuestra Madre del Dolor,AVENIDA TOREROS 45,Templos católicos,193 - Ventas,Avenida de los Toreros nº 49
1779.5350660914905,Parroquia Nuestra Señora Flor del Carmelo,AVENIDA EL FERROL 49,Templos católicos,207 - Remonta,Calle Azucenas nº 1
273.24126220480963,Parroquia Nuestra Señora Reina del Cielo,PASAJE CAN MENOR 5,Templos católicos,73 - Plaza de los Astros,Avenida de Nazaret nº 7
876.8970345427383,Parroquia Nuestra Señora de Altagracia,CALLE AZUAGA 15,Templos católicos,239 - Francos Rodríguez,Calle Francos Rodríguez nº 62
436.97455930740205,Parroquia Nuestra Señora de Aránzazu,CALLE JOSE ROMERO 5,Templos católicos,239 - Francos Rodríguez,Calle Francos Rodríguez nº 62
445.53223396947556,Parroquia Nuestra Señora de Begoña,CALLE MARCOS DE ORUETA 15 C,Templos católicos,217 - Pedro Rico,Calle Pedro Rico nº 4
283.66389651475146,Parroquia Nuestra Señora de Belén,CALLE CORREGIDOR RODRIGO RODRIGUEZ 12,Templos católicos,218 - Camino Vinateros,Calle Camino de los Vinateros nº 28
239.5698299819078,Parroquia Nuestra Señora de Covadonga,CALLE FRANCISCO SILVELA 2,Templos católicos,108 - Mártires Concepcionistas,Calle Mártires Concepcionistas nº 2
237.65685933185554,Parroquia Nuestra Señora de Europa,PASEO JUAN ANTONIO VALLEJO-NAJERA BOTAS 23,Templos católicos,163 - Paseo de la Esperanza,Paseo de la Esperanza nº 2
383.86232788146316,Parroquia Nuestra Señora de Guadalupe,CALLE PUERTO RICO 1,Templos católicos,197 - Parque Berlín,Avenida de Concha Espina nº 34
7984.644839132339,Parroquia Nuestra Señora de Loreto,CALLE ALAS 21,Templos católicos,230 - Carlota O’Neill,Calle Carlota O'Neill nº 32
2213.1676612770993,Parroquia Nuestra Señora de Luján,CALLE PONFERRADA 49,Templos católicos,239 - Francos Rodríguez,Calle Francos Rodríguez nº 62
377.4758444807856,Parroquia Nuestra Señora de Madrid,PASEO CASTELLANA 207,Templos católicos,208 - Plaza de Castilla,Paseo de la Castellana nº 216
421.48756274444406,Parroquia Nuestra Señora de Moratalaz,CALLE ENTRE ARROYOS 19,Templos católicos,218 - Camino Vinateros,Calle Camino de los Vinateros nº 28
448.09897164537483,Parroquia Nuestra Señora de Sonsoles,CALLE TIMOTEO DOMINGO 38,Templos católicos,232 - José María Pereda,Calle José María de Pereda nº 1
312.8203395382486,Parroquia Nuestra Señora de la Aurora y Santo Ángel,CALLE GREGORIO SANZ 8,Templos católicos,227 - Concordia,Calle Arroyo del Olivar nº 6
1015.0219582112404,Parroquia Nuestra Señora de la Concepción (Pueblo Nuevo),CALLE ARTURO SORIA 5,Templos católicos,215 - Gutierre de Cetina,Calle Gutierre de Cetina nº 77
411.92385933505386,Parroquia Nuestra Señora de la Consolación,CALLE JUAN ESPLANDIU 2 C,Templos católicos,182 - Parque Roma,Calle Alcalde Sáinz de Baranda frente al nº 107
28.416161843351208,Parroquia Nuestra Señora de la Estrella,CALLE LIRA 4,Templos católicos,82 - Niño Jesús,Calle Doctor Esquerdo nº 161
654.8768369689999,Parroquia Nuestra Señora de la Fuencisla,PLAZA ANGELICA SEÑORA 1,Templos católicos,213 - Glorieta de Cádiz,Calle Antonio López nº 129
1620.3202673665078,Parroquia Nuestra Señora de la Granada,CALLE VILLASILOS 3,Templos católicos,215 - Gutierre de Cetina,Calle Gutierre de Cetina nº 77
303.61680023393285,Parroquia Nuestra Señora de la Guía,CALLE CONDE DE TORRALBA 18,Templos católicos,249 - Manuel Caldeiro,Paseo de la Castellana nº 298
921.131006163185,Parroquia Nuestra Señora de la Luz,CALLE FERNAN NUÑEZ 4,Templos católicos,160 - Colombia,Calle Colombia nº 7
727.4668376708445,Parroquia Nuestra Señora de la Merced,CALLE CORREGIDOR JUAN FRANCISCO DE LUJAN 101,Templos católicos,219 - Marroquina,Calle Camino de los Vinateros nº 108
932.7698357978554,Parroquia Nuestra Señora de la Misericordia,CALLE ARROYO DEL OLIVAR 100,Templos católicos,227 - Concordia,Calle Arroyo del Olivar nº 6
316.64925754846456,Parroquia Nuestra Señora de la Montaña,CALLE CORREGIDOR JOSE DE PASAMONTE 15,Templos católicos,219 - Marroquina,Calle Camino de los Vinateros nº 108
339.04583773183504,Parroquia Nuestra Señora de la Palabra,CALLE VALDEBERNARDO 29,Templos católicos,221 - Pavones,Calle Hacienda de Pavones nº 342
281.24921466770877,Parroquia Nuestra Señora de la Paz,CALLE VALDERRIBAS 37,Templos católicos,76 - Puerta de Mariano de Cavia,Avenida del Mediterráneo nº 19
317.4605234059237,Parroquia Nuestra Señora de la Peña y San Felipe Neri,CALLE PUERTO DE CANFRANC 19,Templos católicos,226 - Sierra Toledana,Camino de Valderribas nº 94
690.6589538232148,Parroquia Nuestra Señora de la Piedad,CALLE ANTONIO FOLGUERAS 24,Templos católicos,227 - Concordia,Calle Arroyo del Olivar nº 6
714.5814780296774,Parroquia Nuestra Señora de la Soledad,CALLE VISITACION 1,Templos católicos,213 - Glorieta de Cádiz,Calle Antonio López nº 129
1921.3712399572953,Parroquia Nuestra Señora de la Vega,CALLE CHANTADA 28,Templos católicos,239 - Francos Rodríguez,Calle Francos Rodríguez nº 62
3445.532653592149,Parroquia Nuestra Señora de las Américas,CALLE ESPIREA 1 y 3,Templos católicos,215 - Gutierre de Cetina,Calle Gutierre de Cetina nº 77
293.9884737187063,Parroquia Nuestra Señora de las Angustias,CALLE RAFAEL DE RIEGO 16,Templos católicos,120 - Palos de la Frontera,Calle Palos de la Frontera nº 27
72.48611547897626,Parroquia Nuestra Señora de las Delicias,PASEO DELICIAS 61,Templos católicos,172 - Delicias,Calle Bustamante nº 1
1191.4758901781972,Parroquia Nuestra Señora de las Fuentes,CALLE VILLA DE MARIN 39,Templos católicos,217 - Pedro Rico,Calle Pedro Rico nº 4
2177.20212657523,Parroquia Nuestra Señora de las Nieves,CALLE NURIA 47,Templos católicos,217 - Pedro Rico,Calle Pedro Rico nº 4
4182.206509679809,Parroquia Nuestra Señora de las Rosas,CALLE SUECIA 44 PLANTA 3ª C,Templos católicos,215 - Gutierre de Cetina,Calle Gutierre de Cetina nº 77
326.4887374082404,Parroquia Nuestra Señora de las Victorias,CALLE AZUCENAS 34,Templos católicos,207 - Remonta,Calle Azucenas nº 1
423.4570788648231,Parroquia Nuestra Señora de los Apóstoles,CALLE LUIS DE HOYOS SAINZ 94 BIS,Templos católicos,221 - Pavones,Calle Hacienda de Pavones nº 342
5183.248174445688,Parroquia Nuestra Señora de los Desamparados y San Lucas,PLAZA PINAZO 8,Templos católicos,235 - Embajadores 191,Calle Sodio nº 1B
189.5639570122308,Parroquia Nuestra Señora de los Dolores,CALLE SAN BERNARDO 103,Templos católicos,3 - Plaza Conde Suchil,Plaza del Conde del Valle de Súchil nº 3
1373.0123483473433,Parroquia Nuestra Señora de los Álamos,CALLE LEON FELIPE 1,Templos católicos,221 - Pavones,Calle Hacienda de Pavones nº 342
88.84272197382765,Parroquia Nuestra Señora de los Ángeles,CALLE BRAVO MURILLO 93,Templos católicos,132 - Glorieta de los Cuatro Caminos,Calle Santa Engracia nº 168
1647.9632374960686,Parroquia Nuestra Señora de África,CALLE ALGORTA 14,Templos católicos,212 - Marqués de Vadillo,Glorieta Marqués de Vadillo nº 9
5703.722264969288,Parroquia Nuestra Señora del Aire,CALLE MAESTRA JUSTA FREIRE 72,Templos católicos,224 - Caramuel,Calle Caramuel nº 51
248.14071016547612,Parroquia Nuestra Señora del Buen Consejo y San Isidro,CALLE TOLEDO 37,Templos católicos,39 - Plaza de la Cebada,Plaza de la Cebada nº 16 
246.22783351939984,Parroquia Nuestra Señora del Buen Suceso,CALLE PRINCESA 43,Templos católicos,114 - Quintana,Calle Quintana nº 11
3241.401995208884,Parroquia Nuestra Señora del Camino,CALLE FENELON 20,Templos católicos,215 - Gutierre de Cetina,Calle Gutierre de Cetina nº 77
11442.02812749968,Parroquia Nuestra Señora del Carmen (El Plantío),AVENIDA VICTORIA 51,Templos católicos,261 - Facultad Derecho,Avenida Complutense nº 23
94.01962170152265,Parroquia Nuestra Señora del Carmen y San Luis Obispo,CALLE CARMEN 10,Templos católicos,56 - Plaza del Carmen ,Plaza del Carmen nº 1
1624.3253451577657,Parroquia Nuestra Señora del Consuelo,CALLE CLEOPATRA 13,Templos católicos,227 - Concordia,Calle Arroyo del Olivar nº 6
384.83720108046606,Parroquia Nuestra Señora del Encuentro,CALLE PEDRO BARREDA 22,Templos católicos,204 - Cuatro Caminos 2,Calle Doctor Santero nº 1
376.64793433165204,Parroquia Nuestra Señora del Espino y Nuestra Señora de Madrid,CALLE CONDE DEL SERRALLO 17,Templos católicos,208 - Plaza de Castilla,Paseo de la Castellana nº 216
210.83270875897512,Parroquia Nuestra Señora del Henar,CALLE AGUSTIN DURAN 20,Templos católicos,191 - Diego de león,Calle Alonso Heredia nº 1
97.040797597212,Parroquia Nuestra Señora del Perpetuo Socorro,CALLE MANUEL SILVELA 14,Templos católicos,124 - Manuel Silvela,Calle Manuel Silvela nº 20
4930.682790663925,Parroquia Nuestra Señora del Pilar. (Campamento),PLAZA PATRICIO MARTINEZ 5,Templos católicos,224 - Caramuel,Calle Caramuel nº 51
243.94555042938558,Parroquia Nuestra Señora del Pilar. Calle Juan Bravo,CALLE JUAN BRAVO 40 BIS,Templos católicos,143 - Diego de León 52,Calle Diego de León nº 52
5366.770370187453,Parroquia Nuestra Señora del Pino,CALLE DOROTEO LABORDA 8,Templos católicos,213 - Glorieta de Cádiz,Calle Antonio López nº 129
2517.5342787111476,Parroquia Nuestra Señora del Puig y San Timoteo,CALLE SIERRA DE GREDOS 26,Templos católicos,221 - Pavones,Calle Hacienda de Pavones nº 342
2936.946802041287,Parroquia Nuestra Señora del Recuerdo,CALLE ARGENTA 8,Templos católicos,215 - Gutierre de Cetina,Calle Gutierre de Cetina nº 77
2622.5601894226675,Parroquia Nuestra Señora del Rosario,PLAZA FRANCISCANOS 3,Templos católicos,224 - Caramuel,Calle Caramuel nº 51
218.61595823298651,Parroquia Nuestra Señora del Rosario de Filipinas,CALLE CONDE DE PE&amp;Ntilde;ALVER 40,Templos católicos,89 - Conde Peñalver,Calle Ayala nº 102
265.1669375420638,Parroquia Nuestra Señora del Rosario de Fátima,CALLE ALCALA 292,Templos católicos,232 - José María Pereda,Calle José María de Pereda nº 1
346.396982760067,Parroquia Nuestra Señora del Sagrado Corazón,AVENIDA PIO XII 29,Templos católicos,254 - Pío XII,Avenida Pío XII nº 3
4008.4542254678495,Parroquia Nuestra Señora del Sagrario,CALLE EL SIGLO FUTURO 14,Templos católicos,212 - Marqués de Vadillo,Glorieta Marqués de Vadillo nº 9
177.86734802841218,Parroquia Nuestra Señora del Santísimo Sacramento,CALLE CLARA DEL REY 38,Templos católicos,251 - Corazón de María,Calle Santa Hortensia nº 31
2133.305351499322,Parroquia Nuestra Señora del Tránsito,CARRETERA CANILLAS 40,Templos católicos,230 - Carlota O’Neill,Calle Carlota O'Neill nº 32
284.8860349100316,Parroquia Nuestra Señora del Valle,CALLE VALDERRIBAS 72,Templos católicos,84 - Valderribas,Calle Doctor Esquerdo nº 191
6538.240887927728,Parroquia Padre Nuestro,AVENIDA CANTABRIA 4,Templos católicos,215 - Gutierre de Cetina,Calle Gutierre de Cetina nº 77
1903.429555774818,Parroquia Patrocinio de San José,CALLE PEDRO LABORDE 78,Templos católicos,226 - Sierra Toledana,Camino de Valderribas nº 94
2424.3040799742603,Parroquia Preciosa Sangre,CALLE GRAN AVENIDA 1,Templos católicos,213 - Glorieta de Cádiz,Calle Antonio López nº 129
105.2488078963031,Parroquia Presentación de Nuestra Señora,CALLE CORREGIDOR DIEGO DE VALDERRABANO 62,Templos católicos,218 - Camino Vinateros,Calle Camino de los Vinateros nº 28
2754.860204724095,Parroquia Purificación de Nuestra Señora,CALLE EDUARDO UROSA 5,Templos católicos,224 - Caramuel,Calle Caramuel nº 51
148.08949043711664,Parroquia Purísimo Corazón de María,CALLE EMBAJADORES 81,Templos católicos,121 - Santa María de la Cabeza,Paseo de Santa María de la Cabeza nº 58
1972.5813199562128,Parroquia Resurrección del Señor,CALLE ESCALONILLA 26,Templos católicos,224 - Caramuel,Calle Caramuel nº 51
274.54553121702276,Parroquia Sagrada Familia,CALLE ANTONIO TOLEDANO 23,Templos católicos,101 - Jorge Juan,Calle Jorge Juan nº 131
479.55505794343986,Parroquia Sagrado Corazón de Jesús de Usera,PASEO SANTA MARIA DE LA CABEZA 115,Templos católicos,228 - San Delfín,Calle San Delfín nº 9
86.25522124058584,Parroquia Sagrado Corazón de Jesús. Calle General Zabala,CALLE GENERAL ZABALA 10,Templos católicos,196 - Prosperidad,Calle Suero de Quiñones nº 2
270.79431655501685,Parroquia Sagrados Corazones,PASEO LA HABANA 31,Templos católicos,159 - Paseo de la Habana 63,Paseo de la Habana nº 63
218.23693669552188,Parroquia San Agustín,CALLE JOAQUIN COSTA 10,Templos católicos,137 - Plaza de la República Argentina,Plaza de la República Argentina nº 6
1203.6097739536326,Parroquia San Alberto Magno,CALLE BENJAMIN PALENCIA 9,Templos católicos,226 - Sierra Toledana,Camino de Valderribas nº 94
234.7884282376575,Parroquia San Alejandro,CALLE VIRGEN DE LOURDES 21,Templos católicos,189 - Avenida Donostiarra,Calle Virgen de la Alegría nº 18
4518.865264873332,Parroquia San Alfonso María de Ligorio,CALLE ESCALONA 109,Templos católicos,224 - Caramuel,Calle Caramuel nº 51
1776.290441210592,Parroquia San Ambrosio,CALLE RIOJANOS 1,Templos católicos,221 - Pavones,Calle Hacienda de Pavones nº 342
4715.512821396367,Parroquia San Andrés Apóstol. Calle Oxígeno,CALLE OXIGENO 15 Y 19,Templos católicos,213 - Glorieta de Cádiz,Calle Antonio López nº 129
105.19868517938144,Parroquia San Andrés Apóstol. Plaza San Andrés,PLAZA SAN ANDRES 1,Templos católicos,38 - Plaza de los Carros,Carrera de San Francisco nº 1
305.5751508045593,Parroquia San Antonio,CALLE BRAVO MURILLO 150,Templos católicos,205 - Estrecho,Calle Navarra nº 1
392.90198000873545,Parroquia San Antonio María Claret,CALLE CORAZON DE MARIA 1,Templos católicos,195 - Avenida de América 1,Calle Padre Indalecio Hernández nº 1
6386.744137494323,Parroquia San Antonio María Zaccaría,CALLE FUENTE DEL TIRO 27,Templos católicos,224 - Caramuel,Calle Caramuel nº 51
4483.606194339527,Parroquia San Antonio de las Cárcavas,AVENIDA MARUJA MALLO 15,Templos católicos,230 - Carlota O’Neill,Calle Carlota O'Neill nº 32
243.02290346675997,Parroquia San Antonio del Retiro,CALLE DUQUE DE SESTO 9,Templos católicos,98 - Plaza de Felipe II,Plaza de Felipe II
2471.799338477295,Parroquia San Bartolomé,CALLE GUETARIA 1,Templos católicos,213 - Glorieta de Cádiz,Calle Antonio López nº 129
196.10756316592955,Parroquia San Basilio el Grande,CALLE FERNANDO POO 36,Templos católicos,175 - Jaime el Conquistador,Calle Jaime el Conquistador nº 30
3188.048563149311,Parroquia San Benito Abad,CALLE BESOLLA 7,Templos católicos,212 - Marqués de Vadillo,Glorieta Marqués de Vadillo nº 9
4489.575790483415,Parroquia San Benito Menni,CALLE CATORCE OLIVAS 12,Templos católicos,212 - Marqués de Vadillo,Glorieta Marqués de Vadillo nº 9
1517.1250934787274,Parroquia San Bernabé,CALLE SAN FELIU DE GUIXOLS 9,Templos católicos,221 - Pavones,Calle Hacienda de Pavones nº 342
2588.9406211677187,Parroquia San Blas,CALLE ALCONERA 1,Templos católicos,215 - Gutierre de Cetina,Calle Gutierre de Cetina nº 77
267.5917398943558,Parroquia San Bonifacio,CALLE BREMEN 2,Templos católicos,242 - Avenida Bruselas,Avenida Bruselas nº 56
148.48246348103314,Parroquia San Bruno,CALLE BEATRIZ DE BOBADILLA 3,Templos católicos,256 - Reina Victoria,Calle Beatriz de Bobadilla frente al nº 2
4053.431944277616,Parroquia San Camilo de Lelis,CALLE ANOETA 12,Templos católicos,213 - Glorieta de Cádiz,Calle Antonio López nº 129
3473.853288087814,Parroquia San Clemente Romano,CALLE COALICION 17,Templos católicos,235 - Embajadores 191,Calle Sodio nº 1B
5461.224641826906,Parroquia San Cristóbal,CALLE TRES 2,Templos católicos,215 - Gutierre de Cetina,Calle Gutierre de Cetina nº 77
265.0229263373633,Parroquia San Cristóbal y San Rafael,CALLE BRAVO MURILLO 39 Esc. A,Templos católicos,201 - Canal,Calle José Abascal frente al nº 2
806.3734424613771,Parroquia San Diego,AVENIDA SAN DIEGO 61,Templos católicos,227 - Concordia,Calle Arroyo del Olivar nº 6
219.6886545178521,Parroquia San Dámaso,CALLE MAURICIO LEGENDRE 10,Templos católicos,252 - Chamartín,Calle Rodríguez Jaén nº 40
186.6469903016035,Parroquia San Eduardo,CALLE GENERAL MARGALLO 6,Templos católicos,206 - Metro Tetuán,Calle Marqués de Viana nº 3
2997.9742511770405,Parroquia San Eloy,PLAZA DOCTOR BARRAQUER 1,Templos católicos,239 - Francos Rodríguez,Calle Francos Rodríguez nº 62
348.05535267697667,Parroquia San Emilio,TRAVESIA JOSE NORIEGA 4,Templos católicos,233 - Marqués de Corbera 12,Avenida Marqués de Corbera nº 12
43.2328817365311,Parroquia San Estanislao de Kostka,CALLE DOCTOR ESQUERDO 97,Templos católicos,72 - Sainz de Baranda,Calle Doctor Esquerdo nº 99
3228.94907970543,Parroquia San Eulogio,CALLE PE&amp;Ntilde;A DE VARGAS 10,Templos católicos,221 - Pavones,Calle Hacienda de Pavones nº 342
1160.5597222909817,Parroquia San Federico,CALLE ALCALDE MARTIN DE ALZAGA 21,Templos católicos,239 - Francos Rodríguez,Calle Francos Rodríguez nº 62
2031.946577039054,Parroquia San Fermín,AVENIDA SAN FERMIN 10 y 12,Templos católicos,235 - Embajadores 191,Calle Sodio nº 1B
119.93419357914122,Parroquia San Fermín de los Navarros,PASEO EDUARDO DATO 10,Templos católicos,198 - Rubén Darío,Glorieta Rubén Darío 2
242.82317171588798,Parroquia San Fernando,AVENIDA ALBERTO ALCOCER 9,Templos católicos,157 - Castellana 164,Paseo de la Castellana nº 164
560.2578601231417,Parroquia San Francisco Javier y San Luis Gonzaga,CALLE MARTIRES DE LA VENTILLA 34,Templos católicos,248 - Torre Cepsa,Calle Sinesio Delgado nº 2
456.7430358752085,Parroquia San Francisco de Asís,PLAZA CORPUS BARGA 4,Templos católicos,227 - Concordia,Calle Arroyo del Olivar nº 6
199.2697586932459,Parroquia San Francisco de Borja,CALLE SERRANO 104,Templos católicos,142 - Castellana 42,Paseo de la Castellana nº 42
1485.103825658001,Parroquia San Francisco de Paula,CALLE RUIDERA 9,Templos católicos,180 - Méndez Álvaro,Calle Retama nº 5
194.80471880067503,Parroquia San Francisco de Sales,CALLE FRANCOS RODRIGUEZ 5,Templos católicos,205 - Estrecho,Calle Navarra nº 1
555.7341260312921,Parroquia San Fulgencio y San Bernardo,PASEO SAN ILLAN 9,Templos católicos,223 - Ermita Santo,Paseo de la Ermita del Santo nº 48
4357.711959383275,Parroquia San Félix,CALLE PUEBLA DE SANABRIA 18,Templos católicos,213 - Glorieta de Cádiz,Calle Antonio López nº 129
1634.12836918527,Parroquia San Gabriel Arcángel,CALLE ISLA DE OZA 49,Templos católicos,261 - Facultad Derecho,Avenida Complutense nº 23
1565.9042892247542,Parroquia San Gabriel de la Dolorosa,CALLE ARTE 4,Templos católicos,249 - Manuel Caldeiro,Paseo de la Castellana nº 298
4336.8172841621345,Parroquia San Gerardo María Mayela,CALLE MAQUEDA 45,Templos católicos,224 - Caramuel,Calle Caramuel nº 51
193.4369412399235,Parroquia San Germán,CALLE SAN GERMAN 26,Templos católicos,154 - Orense 36,Calle Orense nº 36
71.90689197360489,Parroquia San Ginés,CALLE ARENAL 13,Templos católicos,25b - Plaza de Celenque B,Plaza de Celenque nº 1
1579.397386836176,Parroquia San Gregorio Magno,BULEVAR INDALECIO PRIETO 13,Templos católicos,221 - Pavones,Calle Hacienda de Pavones nº 342
414.5122625276669,Parroquia San Hermenegildo y Santa María de la Cabeza,CALLE FOSFORO 4,Templos católicos,167 - Segovia 45,Calle Segovia nº 45
4864.661666544514,Parroquia San Hilario de Poitiers,CALLE LUIS CHAMIZO 7,Templos católicos,224 - Caramuel,Calle Caramuel nº 51
641.7552393528458,Parroquia San Ignacio de Loyola,CALLE PINOS ALTA 79,Templos católicos,207 - Remonta,Calle Azucenas nº 1
42.28715962142879,Parroquia San Ildefonso y Santos Justo y Pastor,CALLE COLON 16,Templos católicos,55 - Plaza de San Ildefonso,Plaza de San Ildefonso
90.18934235226642,Parroquia San Ireneo,CALLE CARLOTA O'NEILL 26 bis,Templos católicos,230 - Carlota O’Neill,Calle Carlota O'Neill nº 32
2832.914045332689,Parroquia San Isidoro y San Pedro Claver,CALLE VILLA DE PONS  14,Templos católicos,254 - Pío XII,Avenida Pío XII nº 3
4259.029059209015,Parroquia San Isidro,CALLE PARQUE EUGENIA DE MONTIJO 54 B,Templos católicos,224 - Caramuel,Calle Caramuel nº 51
4212.085329202604,Parroquia San Jaime,CALLE JUAN JOSE MARTINEZ SECO 54,Templos católicos,235 - Embajadores 191,Calle Sodio nº 1B
587.7558340505639,Parroquia San Jenaro,CALLE VITAL AZA 81 A,Templos católicos,215 - Gutierre de Cetina,Calle Gutierre de Cetina nº 77
184.7829180011218,Parroquia San Jerónimo el Real (Los Jerónimos),CALLE MORETO 4,Templos católicos,68 - Espalter,Calle Espalter nº 1
2230.3155032696945,Parroquia San Joaquín,CALLE AMPOSTA 24,Templos católicos,215 - Gutierre de Cetina,Calle Gutierre de Cetina nº 77
196.18855364843841,Parroquia San Jorge,CALLE PADRE DAMIAN 22,Templos católicos,253 - Doctor Fleming,Calle Doctor Fleming nº 7
138.12446989596552,Parroquia San José,CALLE ALCALA 43,Templos católicos,20a - Banco de España A,Calle Alcalá nº 49
6533.298259865861,Parroquia San José María Escrivá de Balaguer,CALLE GANIMEDES 19,Templos católicos,261 - Facultad Derecho,Avenida Complutense nº 23
9206.500490275257,Parroquia San José María Rubio,AVENIDA BLAS DE LEZO  ESQUINA MAYORAZGO DE DUARTE,Templos católicos,221 - Pavones,Calle Hacienda de Pavones nº 342
2297.056991863245,Parroquia San José Obrero,CALLE JULIO ANTONIO 3 PLANTA BAJA,Templos católicos,212 - Marqués de Vadillo,Glorieta Marqués de Vadillo nº 9
1045.278395558862,Parroquia San José de Calasanz,CALLE IMAGEN 12,Templos católicos,227 - Concordia,Calle Arroyo del Olivar nº 6
1090.3770211146903,Parroquia San Juan Bautista,CALLE FAUSTINA PE&amp;Ntilde;ALVER 1,Templos católicos,214 - Condesa de Venadito,Calle Condesa de Venadito nº 2
3373.6073982861203,Parroquia San Juan Bautista de la Concepción,CALLE CAMARENA 57,Templos católicos,224 - Caramuel,Calle Caramuel nº 51
728.4736470123437,Parroquia San Juan Bosco,CALLE DOCTOR LARRA Y CEREZO  S/N,Templos católicos,224 - Caramuel,Calle Caramuel nº 51
186.40216051580325,Parroquia San Juan Crisóstomo,CALLE DOMENICO SCARLATTI 2,Templos católicos,203 - San Francisco de Sales,Calle General Ampudia nº 2
288.02104387263074,Parroquia San Juan Evangelista,PLAZA VENECIA 1,Templos católicos,242 - Avenida Bruselas,Avenida Bruselas nº 56
3120.943701048857,Parroquia San Juan de Dios,CALLE MONTE DE MONTJUICH 19,Templos católicos,221 - Pavones,Calle Hacienda de Pavones nº 342
3412.900113670975,Parroquia San Juan de Mirasierra,CALLE MORALZARZAL 75,Templos católicos,217 - Pedro Rico,Calle Pedro Rico nº 4
168.26015391229345,Parroquia San Juan de Ribera,CALLE RODRIGUEZ MARIN 57,Templos católicos,147 - Doctor Arce 45,Avenida del Doctor Arce nº 45
102.82126383222044,Parroquia San Juan de la Cruz,PLAZA SAN JUAN DE LA CRUZ 2,Templos católicos,135 - Plaza de San Juan de la Cruz,Plaza de San Juan de la Cruz nº 11
1413.5611207228883,Parroquia San Juan de Ávila,CALLE FORNILLOS 9,Templos católicos,228 - San Delfín,Calle San Delfín nº 9
3869.554385450112,Parroquia San Leandro,CALLE ESCALONA 59,Templos católicos,224 - Caramuel,Calle Caramuel nº 51
1393.5956675391735,Parroquia San Leopoldo,CALLE SAGRADOS CORAZONES 28,Templos católicos,224 - Caramuel,Calle Caramuel nº 51
247.03631565417737,Parroquia San León Magno,CALLE CONCEJAL BENITO MARTIN LOZANO 7,Templos católicos,45 - Puerta de Toledo,Glorieta de la Puerta de Toledo nº 1
197.77841421477777,Parroquia San Lorenzo,CALLE DOCTOR PIGA 2,Templos católicos,53 - Plaza de Lavapiés,Calle Valencia nº 1
5172.0716353387115,Parroquia San Lucas,PLAZA PALOMA DE LA PAZ 1,Templos católicos,235 - Embajadores 191,Calle Sodio nº 1B
133.68072379935194,Parroquia San Luis de los Franceses,CALLE LAGASCA 89,Templos católicos,88 - Embajada de Italia,Calle Velázquez nº 75
231.0061609948026,Parroquia San Manuel y San Benito,CALLE ALCALA 83,Templos católicos,102 - Velázquez,Calle Alcalá nº 95
139.02465765188822,Parroquia San Marcos,CALLE SAN LEONARDO 10,Templos católicos,116b - Plaza de España B,Calle Princesa nº 5
3477.530885428392,Parroquia San Martín de Porres,CALLE ABEGONDO 28,Templos católicos,254 - Pío XII,Avenida Pío XII nº 3
3479.464093643174,Parroquia San Mateo,AVENIDA LA VERBENA DE LA PALOMA 16,Templos católicos,213 - Glorieta de Cádiz,Calle Antonio López nº 129
3354.3002590441056,Parroquia San Matías,PLAZA IGLESIA 2,Templos católicos,230 - Carlota O’Neill,Calle Carlota O'Neill nº 32
257.1650585760744,Parroquia San Miguel Arcángel de Carabanchel,CALLE GENERAL RICARDOS 21,Templos católicos,212 - Marqués de Vadillo,Glorieta Marqués de Vadillo nº 9
843.8801587016644,Parroquia San Miguel Arcángel de Chamartín,AVENIDA BURGOS 2,Templos católicos,252 - Chamartín,Calle Rodríguez Jaén nº 40
1447.752982281797,Parroquia San Miguel Arcángel de Fuencarral,CALLE ISLAS BERMUDAS 28,Templos católicos,217 - Pedro Rico,Calle Pedro Rico nº 4
352.3096985212071,Parroquia San Miguel de los Santos,CALLE LOPEZ DE HOYOS 39,Templos católicos,146 - María Francisca 1,Calle María Francisca nº 1
195.29688751414182,Parroquia San Millán y San Cayetano,CALLE EMBAJADORES 15,Templos católicos,44 - Plaza de Nelson Mandela,Calle Mesón de Paredes nº 35
112.15346731936792,Parroquia San Nicolás de Bari. Personal de Habla Italiana,PLAZA SAN NICOLAS 6,Templos católicos,36 - Plaza Ramales,Plaza de Ramales
1315.0931101427636,Parroquia San Pablo,CALLE EL ESCRITOR 25,Templos católicos,226 - Sierra Toledana,Camino de Valderribas nº 94
1856.8305503532058,Parroquia San Pablo de la Cruz,AVENIDA MADRO&amp;Ntilde;OS 40,Templos católicos,230 - Carlota O’Neill,Calle Carlota O'Neill nº 32
126.42561237349928,Parroquia San Patricio,CALLE ALEJANDRO GONZALEZ 12,Templos católicos,187 - Alcalá-Ventas,Calle Alejandro González nº 1
2745.7191760346163,Parroquia San Pedro Advíncula,CALLE SIERRA GORDA 5,Templos católicos,221 - Pavones,Calle Hacienda de Pavones nº 342
4650.04976792148,Parroquia San Pedro Apóstol (Carabanchel),PLAZA SEIS DE DICIEMBRE 1,Templos católicos,224 - Caramuel,Calle Caramuel nº 51
8615.068043703688,Parroquia San Pedro Apóstol. Calle Orión,CALLE ORION 2,Templos católicos,215 - Gutierre de Cetina,Calle Gutierre de Cetina nº 77
3870.065867386225,Parroquia San Pedro Mártir de los Padres Dominicos,AVENIDA BURGOS 204,Templos católicos,249 - Manuel Caldeiro,Paseo de la Castellana nº 298
3659.0326481600596,Parroquia San Pedro Nolasco,CALLE DO&amp;Ntilde;A FRANCISQUITA 27,Templos católicos,213 - Glorieta de Cádiz,Calle Antonio López nº 129
3179.5417340293466,Parroquia San Pedro Poveda,AVENIDA CAMINO DE SANTIAGO 35,Templos católicos,217 - Pedro Rico,Calle Pedro Rico nº 4
827.4388958386954,Parroquia San Pedro Regalado y San José de Calasanz,PLAZA PE&amp;Ntilde;A GUDINA 1,Templos católicos,227 - Concordia,Calle Arroyo del Olivar nº 6
1174.6342071737806,Parroquia San Pío X,CALLE DOCTOR CASAL 9,Templos católicos,112 - Paseo de Moret,Paseo de Moret nº 11
2790.1546839883345,Parroquia San Rafael Arcángel,CALLE OTERO Y DELAGE 103,Templos católicos,261 - Facultad Derecho,Avenida Complutense nº 23
3317.0357715746645,Parroquia San Rafael Arnáiz,CALLE OCTAVIO PAZ 2,Templos católicos,249 - Manuel Caldeiro,Paseo de la Castellana nº 298
2402.027836968793,Parroquia San Raimundo de Peñafort,CALLE ESTEBAN CARROS 35,Templos católicos,227 - Concordia,Calle Arroyo del Olivar nº 6
83.4527021992264,Parroquia San Ramón Nonato,CALLE MELQUIADES BIENCINTO 10,Templos católicos,179 - Puente de Vallecas,Avenida de la Albufera nº 6
123.79878607306046,Parroquia San Ricardo,CALLE GAZTAMBIDE 22,Templos católicos,199 - Fernando el Católico,Calle Fernando el Católico nº 61
54.47676403380816,Parroquia San Romualdo,CALLE ASCAO 30,Templos católicos,215 - Gutierre de Cetina,Calle Gutierre de Cetina nº 77
2375.3589565379575,Parroquia San Roque,CALLE ABOLENGO 10,Templos católicos,223 - Ermita Santo,Paseo de la Ermita del Santo nº 48
132.4463367607737,Parroquia San Sebastián,CALLE ATOCHA 39,Templos católicos,52 - Plaza de Santa Ana,Plaza de Santa Ana nº 10
3423.209424403011,Parroquia San Sebastián Mártir,PLAZA PARROQUIA 1,Templos católicos,212 - Marqués de Vadillo,Glorieta Marqués de Vadillo nº 9
2222.165284840446,Parroquia San Simón y San Judas,AVENIDA ORCASUR  Sin número,Templos católicos,213 - Glorieta de Cádiz,Calle Antonio López nº 129
3245.5901396316913,Parroquia San Valentín y San Casimiro,CALLE VILLAJIMENA 75,Templos católicos,221 - Pavones,Calle Hacienda de Pavones nº 342
186.34093807318013,Parroquia San Vicente Ferrer,CALLE IBIZA 43 bis,Templos católicos,63 - Ibiza,Calle Ibiza nº 62
1773.626067333194,Parroquia San Vicente de Paúl,PLAZA SAN VICENTE DE PAUL 1,Templos católicos,212 - Marqués de Vadillo,Glorieta Marqués de Vadillo nº 9
3476.4950126620906,Parroquia San Víctor,CALLE RAMON GOMEZ DE LA SERNA 101,Templos católicos,261 - Facultad Derecho,Avenida Complutense nº 23
4052.1639235650564,Parroquia Santa Adela,CALLE SAN FAUSTINO 6,Templos católicos,215 - Gutierre de Cetina,Calle Gutierre de Cetina nº 77
367.69071780390186,Parroquia Santa Ana y La Esperanza,CALLE CA&amp;Ntilde;ADA 35,Templos católicos,219 - Marroquina,Calle Camino de los Vinateros nº 108
2362.6267804809218,Parroquia Santa Beatriz,CALLE CONCEJAL FRANCISCO JOSE JIMENEZ MARTIN 130,Templos católicos,224 - Caramuel,Calle Caramuel nº 51
4328.604009870196,Parroquia Santa Bibiana,CALLE ALCOCER 9,Templos católicos,213 - Glorieta de Cádiz,Calle Antonio López nº 129
64.81879586679224,Parroquia Santa Bárbara,CALLE GENERAL CASTA&amp;Ntilde;OS 2,Templos católicos,26 - Plaza de las Salesas,Plaza de las Salesas 7
209.32827073006194,Parroquia Santa Casilda,CALLE PARADOR DEL SOL 10,Templos católicos,228 - San Delfín,Calle San Delfín nº 9
1277.433286152217,Parroquia Santa Catalina Labouré,CALLE ARROYO OPA&amp;Ntilde;EL 29,Templos católicos,212 - Marqués de Vadillo,Glorieta Marqués de Vadillo nº 9
5948.769007330717,Parroquia Santa Catalina de Alejandría,CALLE RAMBLA 5,Templos católicos,215 - Gutierre de Cetina,Calle Gutierre de Cetina nº 77
205.63839896818186,Parroquia Santa Catalina de Siena,CALLE JUAN DE URBIETA 57,Templos católicos,76 - Puerta de Mariano de Cavia,Avenida del Mediterráneo nº 19
6764.989564244435,Parroquia Santa Cecilia,CALLE MEDINA DE POMAR 11,Templos católicos,215 - Gutierre de Cetina,Calle Gutierre de Cetina nº 77
42.017186967503996,Parroquia Santa Cristina,PASEO EXTREMADURA 32,Templos católicos,216 - Puerta del Ángel,Plaza Puerta del Ángel nº 4
87.92639236543243,Parroquia Santa Cruz,CALLE ATOCHA 6,Templos católicos,40 - Conde de Romanones,Plaza del Conde de Romanones nº 9
237.67690886984153,Parroquia Santa Elena,CALLE ORFILA 1,Templos católicos,8 - Alonso Martínez,Plaza de Alonso Martínez nº 5
3703.8134254761676,Parroquia Santa Eugenia,CALLE VIRGEN DE LAS VI&amp;Ntilde;AS 15,Templos católicos,221 - Pavones,Calle Hacienda de Pavones nº 342
1636.7314465494142,Parroquia Santa Eulalia de Mérida,CALLE PEDROCHES 5,Templos católicos,227 - Concordia,Calle Arroyo del Olivar nº 6
3497.102666614622,Parroquia Santa Florentina,CALLE LONGARES 8,Templos católicos,215 - Gutierre de Cetina,Calle Gutierre de Cetina nº 77
223.78604781307845,Parroquia Santa Gema,CALLE LEIZARAN 24,Templos católicos,147 - Doctor Arce 45,Avenida del Doctor Arce nº 45
5189.533130366372,Parroquia Santa Inés,AVENIDA REAL DE PINTO 72,Templos católicos,213 - Glorieta de Cádiz,Calle Antonio López nº 129
1187.4064762851253,Parroquia Santa Irene,CALLE ANDALUCES 7,Templos católicos,221 - Pavones,Calle Hacienda de Pavones nº 342
2658.578065289947,Parroquia Santa Luisa de Marillac,AVENIDA ABRANTES 111,Templos católicos,212 - Marqués de Vadillo,Glorieta Marqués de Vadillo nº 9
6676.7065082021145,Parroquia Santa Maravillas de Jesús,CALLE MORALES 64,Templos católicos,224 - Caramuel,Calle Caramuel nº 51
74.61088704688127,Parroquia Santa Margarita María de Alacoque,CALLE JAIME VERA 33,Templos católicos,224 - Caramuel,Calle Caramuel nº 51
4005.3527797443794,Parroquia Santa María Josefa del Corazón de Jesús,AVENIDA LA GAVIA 25,Templos católicos,221 - Pavones,Calle Hacienda de Pavones nº 342
3285.09595113158,Parroquia Santa María La Antigua,CALLE VIRGEN DE LA ANTIGUA 9,Templos católicos,221 - Pavones,Calle Hacienda de Pavones nº 342
5475.20163465645,Parroquia Santa María Madre de la Iglesia,CALLE GÓMEZ DE ARTECHE 30,Templos católicos,224 - Caramuel,Calle Caramuel nº 51
809.3926271806005,Parroquia Santa María Magdalena,CALLE DRÁCENA 23,Templos católicos,254 - Pío XII,Avenida Pío XII nº 3
303.08303937090267,Parroquia Santa María Micaela y San Enrique,CALLE SAN GERMÁN 23,Templos católicos,154 - Orense 36,Calle Orense nº 36
948.2630025937109,Parroquia Santa María Personal de Habla Alemana,AVENIDA BURGOS 12,Templos católicos,252 - Chamartín,Calle Rodríguez Jaén nº 40
3178.893814599611,Parroquia Santa María Soledad Torres Acosta,AVENIDA CAMINO DE SANTIAGO 35,Templos católicos,217 - Pedro Rico,Calle Pedro Rico nº 4
1597.5923467413456,Parroquia Santa María de Cervellón,CALLE BELISANA 2,Templos católicos,214 - Condesa de Venadito,Calle Condesa de Venadito nº 2
941.8995124537779,Parroquia Santa María de Martala,CALLE FOBOS 2,Templos católicos,221 - Pavones,Calle Hacienda de Pavones nº 342
5647.458235136916,Parroquia Santa María de Nazaret,CALLE CA&amp;Ntilde;ADA DEL SANTISIMO 27,Templos católicos,221 - Pavones,Calle Hacienda de Pavones nº 342
1840.7558836417231,Parroquia Santa María de la Caridad,CALLE FERMIN CABALLERO 39,Templos católicos,217 - Pedro Rico,Calle Pedro Rico nº 4
2151.5401978521945,Parroquia Santa María de la Esperanza,CALLE FERMIN CABALLERO 53,Templos católicos,217 - Pedro Rico,Calle Pedro Rico nº 4
2538.5619347380334,Parroquia Santa María de la Fe,CALLE PUERTO DE MASPALOMAS 16,Templos católicos,207 - Remonta,Calle Azucenas nº 1
1468.2589666284023,Parroquia Santa María del Bosque,CALLE MANUEL URIBE 1,Templos católicos,254 - Pío XII,Avenida Pío XII nº 3
794.1025977630683,Parroquia Santa María del Buen Aire,CALLE ENCOMIENDA DE PALACIOS 192,Templos católicos,221 - Pavones,Calle Hacienda de Pavones nº 342
439.26249580288237,Parroquia Santa María del Camino,CALLE ENCOMIENDA DE PALACIOS 334,Templos católicos,221 - Pavones,Calle Hacienda de Pavones nº 342
8.816937438668884,Parroquia Santa María del Monte Carmelo,CALLE AYALA 35,Templos católicos,87 - Ayala,Calle Ayala nº 44
3812.6826513221718,Parroquia Santa María del Parque,CALLE SANTA VIRGILIA 13,Templos católicos,230 - Carlota O’Neill,Calle Carlota O'Neill nº 32
139.01295270582474,Parroquia Santa María del Pilar,CALLE REYES MAGOS 3,Templos católicos,83 - Pío Baroja,Calle Pío Baroja nº 10
2051.3350498207806,Parroquia Santa María del Pinar,CALLE JAZMIN 7,Templos católicos,249 - Manuel Caldeiro,Paseo de la Castellana nº 298
2180.3034818188576,Parroquia Santa María del Pozo y Santa Marta,CALLE MONTANCHEZ 13,Templos católicos,227 - Concordia,Calle Arroyo del Olivar nº 6
126.68843096014655,Parroquia Santa María del Silencio,CALLE RAIMUNDO FERNANDEZ VILLAVERDE 18,Templos católicos,133 - Raimundo Fernández,Calle Raimundo Fernández Villaverde nº 33
2113.954510382518,Parroquia Santa María del Val,AVENIDA MONFORTE DE LEMOS 115,Templos católicos,207 - Remonta,Calle Azucenas nº 1
3737.5688857774667,Parroquia Santa María la Blanca,PLAZA VILLA DE CANILLEJAS 1,Templos católicos,215 - Gutierre de Cetina,Calle Gutierre de Cetina nº 77
3548.8130969344857,Parroquia Santa María la Blanca de Montecarmelo,CALLE MONASTERIO DE OSEIRA 25,Templos católicos,217 - Pedro Rico,Calle Pedro Rico nº 4
310.4168845248319,Parroquia Santa María la Mayor y San Julián,CALLE CENICIENTOS 1,Templos católicos,239 - Francos Rodríguez,Calle Francos Rodríguez nº 62
169.03517654297264,Parroquia Santa María la Real de la Almudena,CALLE MAYOR 90,Templos católicos,166 - Segovia 26,Calle Segovia nº 26
465.2842196335486,Parroquia Santa Matilde,CALLE LOPEZ DE HOYOS 166,Templos católicos,251 - Corazón de María,Calle Santa Hortensia nº 31
214.88861412267113,Parroquia Santa Mónica,CALLE PRINCIPE DE VERGARA 87,Templos católicos,143 - Diego de León 52,Calle Diego de León nº 52
2765.665823680154,Parroquia Santa Paula,CARRETERA CANILLAS 115 B,Templos católicos,230 - Carlota O’Neill,Calle Carlota O'Neill nº 32
60.21235498345664,Parroquia Santa Rita,CALLE GAZTAMBIDE 75,Templos católicos,128 - Cea Bermúdez,Calle Cea Bermúdez nº 59
1273.2907078922217,Parroquia Santa Rosa de Lima,CALLE VÍA CARPETANA 47,Templos católicos,224 - Caramuel,Calle Caramuel nº 51
3178.9400419132357,Parroquia Santa Rosalía,CALLE LAS PEDRO&amp;Ntilde;ERAS 13,Templos católicos,230 - Carlota O’Neill,Calle Carlota O'Neill nº 32
3656.628716808474,Parroquia Santa Teresa Benedicta de la Cruz,CALLE SENDA DEL INFANTE 22,Templos católicos,217 - Pedro Rico,Calle Pedro Rico nº 4
3198.649248983906,Parroquia Santa Teresa de Calcuta,CALLE MINERVA 58,Templos católicos,221 - Pavones,Calle Hacienda de Pavones nº 342
108.05006706586873,Parroquia Santa Teresa y Santa Isabel,GLORIETA PINTOR SOROLLA 2,Templos católicos,246 - Santa Engracia 87,Calle Santa Engracia nº 87
2257.0899284758802,Parroquia Santa Ángela de la Cruz,CALLE CESAR MANRIQUE 7,Templos católicos,239 - Francos Rodríguez,Calle Francos Rodríguez nº 62
735.9249734302729,Parroquia Santas Justa y Rufina.,CALLE SANTA ÁUREA 7,Templos católicos,224 - Caramuel,Calle Caramuel nº 51
127.43973851718825,Parroquia Santas Perpetua y Felicidad,CALLE SANTA FELICIDAD 1,Templos católicos,234 - Marqués de Corbera 52,Avenida Marqués de Corbera nº 52
257.38335530359655,Parroquia Santiago el Mayor y Nuestra Señora de las Cruces,CALLE SANTA CRUZ DE MARCENADO 11 PLANTA BAJO,Templos católicos,3 - Plaza Conde Suchil,Plaza del Conde del Valle de Súchil nº 3
114.82123366310665,Parroquia Santiago y San Juan Bautista,PLAZA SANTIAGO 24,Templos católicos,36 - Plaza Ramales,Plaza de Ramales
409.4877281402464,Parroquia Santo Cristo de la Misericordia,CALLE NUMANCIA 8,Templos católicos,237 - Pablo Iglesias,Calle Francisco Balseiro nº 1
180.86321529670852,Parroquia Santo Cristo del Olivar,CALLE CA&amp;Ntilde;IZARES 4,Templos católicos,52 - Plaza de Santa Ana,Plaza de Santa Ana nº 10
751.3143344753412,Parroquia Santo Domingo Savio,CALLE SANTO DOMINGO SAVIO 2,Templos católicos,215 - Gutierre de Cetina,Calle Gutierre de Cetina nº 77
3807.3218819027406,Parroquia Santo Domingo de Guzmán,CALLE CAMARENA 183,Templos católicos,224 - Caramuel,Calle Caramuel nº 51
9199.138175561811,Parroquia Santo Domingo de la Calzada,CAÑADA REAL GALIANA 17,Templos católicos,221 - Pavones,Calle Hacienda de Pavones nº 342
131.61388532451056,Parroquia Santo Niño de Cebu,CALLE LUCIO DEL VALLE 4,Templos católicos,202 - Parque Santander,Calle Santander esquina con Avenida de Filipinas
695.4153843578966,Parroquia Santo Tomás Apóstol,CALLE PORTUGALETE 2,Templos católicos,215 - Gutierre de Cetina,Calle Gutierre de Cetina nº 77
2346.341189421285,Parroquia Santo Tomás de Villanueva,CALLE LEONESES 6,Templos católicos,226 - Sierra Toledana,Camino de Valderribas nº 94
420.70278099603433,Parroquia Santos Apóstoles Felipe y Santiago el Menor,CALLE POETA BLAS DE OTERO 79,Templos católicos,233 - Marqués de Corbera 12,Avenida Marqués de Corbera nº 12
1726.2172597357123,Parroquia Santos Cosme y Damián,CALLE RAMÍREZ TOMÉ 22,Templos católicos,226 - Sierra Toledana,Camino de Valderribas nº 94
236.09903691222797,Parroquia Santos Inocentes,CALLE EMBAJADORES 209,Templos católicos,235 - Embajadores 191,Calle Sodio nº 1B
396.91273264584373,Parroquia Santísima Trinidad,CALLE MARTINEZ VILLERGAS 8,Templos católicos,231 - Derechos Humanos,Calle Derechos Humanos nº 12
774.3858678971396,Parroquia Santísimo Cristo de la Esperanza,CALLE MISTERIOS 38,Templos católicos,230 - Carlota O’Neill,Calle Carlota O'Neill nº 32
2154.269246430222,Parroquia Santísimo Cristo de la Guía - San Juan de Sahagún,CAMINO VIEJO DE VICALVARO 18,Templos católicos,221 - Pavones,Calle Hacienda de Pavones nº 342
122.27434642456842,Parroquia Santísimo Cristo de la Salud,CALLE AYALA 12,Templos católicos,105 - Serrano,Calle Serrano nº 54
352.6929136124364,Parroquia Santísimo Cristo de la Victoria,CALLE BLASCO DE GARAY 33,Templos católicos,245 - Galileo,Calle Galileo nº 63
5836.064702386629,Parroquia Santísimo Cristo del Amor,CALLE RAFAEL FINAT 46,Templos católicos,224 - Caramuel,Calle Caramuel nº 51
105.78651061333964,Parroquia Santísimo Redentor,CALLE FELIX BOIX 13,Templos católicos,255 - López Pozas,Calle General López Pozas nº 2
159.115462158875,Parroquia Santísimo Sacramento,CALLE ALCALDE SAINZ DE BARANDA 3,Templos católicos,181 - Retiro-Ibiza,Calle Ibiza nº 18
1057.521841841193,Parroquia Transfiguración del Señor,CALLE ISABELITA USERA 34,Templos católicos,213 - Glorieta de Cádiz,Calle Antonio López nº 129
277.7364610666374,Parroquia Virgen Peregrina,CALLE DIEGO DE LEON 36 bis,Templos católicos,190 - Velázquez-Diego de León,Calle Velázquez nº 91
3007.2027129832695,Parroquia Virgen de La Candelaria,PLAZA NUESTRA SEÑORA DE LA CANDELARIA 1,Templos católicos,215 - Gutierre de Cetina,Calle Gutierre de Cetina nº 77
1212.487401879222,Parroquia Virgen de La Fuensanta,CALLE SAN FILIBERTO 9,Templos católicos,228 - San Delfín,Calle San Delfín nº 9
2206.518070527476,Parroquia Virgen de La Nueva,CALLE CALANDA 28,Templos católicos,230 - Carlota O’Neill,Calle Carlota O'Neill nº 32
1753.9851716326675,Parroquia Virgen de La Oliva,CALLE CASTILLO DE SIMANCAS 1,Templos católicos,215 - Gutierre de Cetina,Calle Gutierre de Cetina nº 77
122.98997759516122,Parroquia Virgen de La Paloma y San Pedro el Real,CALLE TOLEDO 98 y Paloma 1,Templos católicos,45 - Puerta de Toledo,Glorieta de la Puerta de Toledo nº 1
206.3659429603167,Parroquia Virgen de La Providencia y San Cayetano,CALLE FERRER DEL RIO 18,Templos católicos,243 - Cartagena,Calle Cartagena nº 34
138.88550079530972,Parroquia Virgen de Lluc,CALLE VIRGEN DEL SAGRARIO 22,Templos católicos,229 - C.D. Concepción,Calle Jose del Hierro nº 5
6713.871902073858,Parroquia Virgen de Los Llanos,PLAZA VIRGEN DE LOS LLANOS 1,Templos católicos,224 - Caramuel,Calle Caramuel nº 51
382.3272527315768,Parroquia Virgen de Los Remedios,CALLE TOMASA RUIZ 8,Templos católicos,228 - San Delfín,Calle San Delfín nº 9
3326.9589857503515,Parroquia Virgen del Castillo,AVENIDA SAN LUIS 42,Templos católicos,230 - Carlota O’Neill,Calle Carlota O'Neill nº 32
203.021864489198,Parroquia Virgen del Coro,CALLE VIRGEN DE LA ALEGRIA 12,Templos católicos,189 - Avenida Donostiarra,Calle Virgen de la Alegría nº 18
2638.273766014455,Parroquia Virgen del Cortijo,CALLE OÑA 91 B,Templos católicos,249 - Manuel Caldeiro,Paseo de la Castellana nº 298
2643.151495202849,Parroquia Virgen del Mar,CALLE PEONES 3,Templos católicos,215 - Gutierre de Cetina,Calle Gutierre de Cetina nº 77
1365.672986662525,Parroquia Virgen del Refugio y Santa Lucía,CALLE MANRESA 60,Templos católicos,217 - Pedro Rico,Calle Pedro Rico nº 4
744.7795284470114,Parroquia Visitación de Nuestra Señora,CALLE PICO DE LOS ARTILLEROS 82,Templos católicos,219 - Marroquina,Calle Camino de los Vinateros nº 108
1488.2079965316868,Parroquia de la Armada de Nuestra Señora del Carmen,CALLE SERRANO GALVACHE 7,Templos católicos,254 - Pío XII,Avenida Pío XII nº 3
117.32085476610317,Primer Monasterio de la Visitación (Las Salesas),CALLE SANTA ENGRACIA 20,Templos católicos,122 - Santa Engracia 14,Calle Santa Engracia nº 14
397.90536569661293,Primera Iglesia Evangélica Bautista de Madrid,CALLE GENERAL LACY 18,Templos no católicos,120 - Palos de la Frontera,Calle Palos de la Frontera nº 27
327.53530640977675,Real Basílica Nuestra Señora de Atocha,CALLE JULIAN GAYARRE 1,Templos católicos,79 - Puerta de Granada,Avenida de Menéndez Pelayo nº 38
43.82768492140668,Real Basílica San Francisco el Grande,CALLE SAN BUENAVENTURA 1,Templos católicos,37 - Plaza de San Francisco,Plaza de San Francisco nº 5
38.832260440163274,Real Monasterio de Santa Isabel,CALLE SANTA ISABEL 48,Templos católicos,41 - Antón Martín,Calle Atocha nº 54
52.63998878953533,Real Monasterio de la Encarnación,PLAZA ENCARNACION 1,Templos católicos,30 - San Quintín,Calle Pavía nº 6
107.58605800896773,Real Monasterio de las Descalzas Reales,PLAZA DESCALZAS 3,Templos católicos,25a - Plaza de Celenque A,Plaza de Celenque nº 1
186.14963127031822,Real Oratorio del Caballero de Gracia,CALLE CABALLERO DE GRACIA 5,Templos católicos,18 - Plaza de Pedro Zerolo,Plaza de Pedro Zerolo nº 1
310.02701385746644,Santuario Nuestra Señora de Schönstatt,CALLE SERRANO 97,Templos católicos,250 - Serrano 113,Calle Serrano nº 113B
431.1295350797592,Santuario Nuestra Señora de los Peligros,CALLE JOAQUIN COSTA 49,Templos católicos,140 - Velázquez 130,Calle Velázquez nº 130
106.53071169919065,Segundo Monasterio de la Visitación (Las Salesas),CALLE SAN BERNARDO 72,Templos católicos,12 - San Hermenegildo,Calle San Bernardo nº 85
400.8880196044,Sociedad Bíblica,CALLE GENERAL LACY 7,Templos no católicos,118 - Juan Martín,Calle Juan Martín el Empecinado nº 16
150.562786671008,Templo Eucarístico de San Martín de Tours,CALLE DESENGA&amp;Ntilde;O 26,Templos católicos,2 - Miguel Moya,Calle Miguel Moya nº 1
404.1736486379949,Tercer Monasterio de la Visitación (Servidoras del Señor y de la Virgen de Matará),PASEO SAN FRANCISCO DE SALES 48,Templos católicos,202 - Parque Santander,Calle Santander esquina con Avenida de Filipinas
198.87957603082168,Testigos Cristianos de Jehová. Avenida de Moratalaz,AVENIDA ANDALUCES 30 PLANTA BAJO POSTERIOR,Templos no católicos,219 - Marroquina,Calle Camino de los Vinateros nº 108
949.8700003150318,Testigos Cristianos de Jehová. Calle Arroyo,CALLE ARROYO 23 PLANTA BAJO,Templos no católicos,207 - Remonta,Calle Azucenas nº 1
153.04121404840743,Testigos Cristianos de Jehová. Calle Artistas,CALLE ARTISTAS 22 PLANTA BAJO A,Templos no católicos,133 - Raimundo Fernández,Calle Raimundo Fernández Villaverde nº 33
1219.4463091735502,Testigos Cristianos de Jehová. Calle Carrascales,CALLE CARRASCALES 12 PLANTA BAJA 1 derecha,Templos no católicos,213 - Glorieta de Cádiz,Calle Antonio López nº 129
1516.0037207389353,Testigos Cristianos de Jehová. Calle Cebreros,CALLE CEBREROS 2 PLANTA BAJO C,Templos no católicos,224 - Caramuel,Calle Caramuel nº 51
2022.93063317699,Testigos Cristianos de Jehová. Calle Chantada,CALLE CHANTADA 41 Bajo 6 y 43,Templos no católicos,239 - Francos Rodríguez,Calle Francos Rodríguez nº 62
353.3922814434177,Testigos Cristianos de Jehová. Calle Doctor Gómez Ulla,CALLE DOCTOR GÓMEZ ULLA 16 PLANTA BAJA IZQUIERDA,Templos no católicos,193 - Ventas,Avenida de los Toreros nº 49
3659.462325304844,Testigos Cristianos de Jehová. Calle Guamo,CALLE GUAMO 2 Bajo 1 bis y 6,Templos no católicos,230 - Carlota O’Neill,Calle Carlota O'Neill nº 32
1563.4149637422217,Testigos Cristianos de Jehová. Calle Hilario Sangrador,CALLE HILARIO SANGRADOR 8 PLANTA BAJA IZQUIERDA,Templos no católicos,224 - Caramuel,Calle Caramuel nº 51
336.5597816312918,Testigos Cristianos de Jehová. Calle Ignacio Ellacuría,CALLE IGNACIO ELLACURIA 3 7,Templos no católicos,188 - Puente de Ventas,Avenida de Daroca nº 2
4507.24550764648,Testigos Cristianos de Jehová. Calle Jacobinia,CALLE JACOBINIA 70,Templos no católicos,224 - Caramuel,Calle Caramuel nº 51
3320.0353184239398,Testigos Cristianos de Jehová. Calle Las Pedroñeras,CALLE LAS PEDRO&amp;Ntilde;ERAS 46 LOCAL,Templos no católicos,230 - Carlota O’Neill,Calle Carlota O'Neill nº 32
2162.955856451377,Testigos Cristianos de Jehová. Calle Los Mineros,CALLE MINEROS 16,Templos no católicos,212 - Marqués de Vadillo,Glorieta Marqués de Vadillo nº 9
580.6359647459427,Testigos Cristianos de Jehová. Calle Luis Ruiz,CALLE LUIS RUIZ 75 PUERTA 19,Templos no católicos,215 - Gutierre de Cetina,Calle Gutierre de Cetina nº 77
5197.332386690681,Testigos Cristianos de Jehová. Calle Manola y Rosario,CALLE MANOLA Y ROSARIO 1 PLANTA BAJO INTERIOR,Templos no católicos,213 - Glorieta de Cádiz,Calle Antonio López nº 129
179.10932847031268,Testigos Cristianos de Jehová. Calle Marcudos,CALLE MARCUDOS 4 PLANTA BAJO 3,Templos no católicos,213 - Glorieta de Cádiz,Calle Antonio López nº 129
408.9770542720509,Testigos Cristianos de Jehová. Calle Martín Martínez,CALLE MARTIN MARTINEZ 4 PLANTA BAJO 2,Templos no católicos,196 - Prosperidad,Calle Suero de Quiñones nº 2
287.9827843019332,Testigos Cristianos de Jehová. Calle Martín de Vargas,CALLE MARTIN DE VARGAS 26 PLANTA BAJA B derecha,Templos no católicos,47 - Embajadores 1,Glorieta de Embajadores nº 6
2412.3892026909207,Testigos Cristianos de Jehová. Calle Puerto de Pozazal,CALLE PUERTO DE POZAZAL 1 C,Templos no católicos,221 - Pavones,Calle Hacienda de Pavones nº 342
1308.834521318807,Testigos Cristianos de Jehová. Calle San Moisés,CALLE SAN MOISÉS 39 PLANTA BAJA B,Templos no católicos,227 - Concordia,Calle Arroyo del Olivar nº 6
1810.7886548632036,Testigos Cristianos de Jehová. Calle Santa Ana Baja,CALLE SANTA ANA BAJA 48 PLANTA BAJO C,Templos no católicos,217 - Pedro Rico,Calle Pedro Rico nº 4
3471.9258020894017,Testigos Cristianos de Jehová. Calle Sierra Salvada,CALLE AMBAR 3 PLANTA BAJO IZQUIERDA,Templos no católicos,221 - Pavones,Calle Hacienda de Pavones nº 342
3869.0206047625516,Testigos Cristianos de Jehová. Calle Tembleque,CALLE TEMBLEQUE 64 PLANTA BAJA,Templos no católicos,224 - Caramuel,Calle Caramuel nº 51
140.92716910867836,Testigos Cristianos de Jehová. Calle Venancio Martín,CALLE VENANCIO MARTIN 19 PLANTA BAJA 2,Templos no católicos,226 - Sierra Toledana,Camino de Valderribas nº 94
3007.0350733692867,Testigos Cristianos de Jehová. Calle de Los Gallegos,CALLE GALLEGOS 2,Templos no católicos,221 - Pavones,Calle Hacienda de Pavones nº 342
883.1484836627976,Unión De Mujeres Evangélicas UDME,CALLE GABRIEL Y GALAN 26,Templos no católicos,251 - Corazón de María,Calle Santa Hortensia nº 31
